multiplier,round_time
4.10,2026-09-01T00:00:00.000Z
19.26,2026-09-01T00:00:26.732Z
1.35,2026-09-01T00:00:39.266Z
3.72,2026-09-01T00:00:53.305Z
1.54,2026-09-01T00:01:09.793Z
2.11,2026-09-01T00:01:22.013Z
1.15,2026-09-01T00:01:31.079Z
2.65,2026-09-01T00:01:52.079Z
1.92,2026-09-01T00:02:12.795Z
2.41,2026-09-01T00:02:42.571Z
1.49,2026-09-01T00:02:56.141Z
3.75,2026-09-01T00:03:10.628Z
4.90,2026-09-01T00:03:28.017Z
1.37,2026-09-01T00:03:45.327Z
1.09,2026-09-01T00:04:02.471Z
1.05,2026-09-01T00:04:22.181Z
1.59,2026-09-01T00:04:43.228Z
1.00,2026-09-01T00:04:51.255Z
25.91,2026-09-01T00:05:12.791Z
5.01,2026-09-01T00:05:36.106Z
1.36,2026-09-01T00:06:04.371Z
2.38,2026-09-01T00:06:19.551Z
1.73,2026-09-01T00:06:38.872Z
1.00,2026-09-01T00:07:03.980Z
14.24,2026-09-01T00:07:22.416Z
1.00,2026-09-01T00:07:38.318Z
1.38,2026-09-01T00:07:55.844Z
39.05,2026-09-01T00:08:20.038Z
1.42,2026-09-01T00:08:49.761Z
2.80,2026-09-01T00:09:03.588Z
1.74,2026-09-01T00:09:18.653Z
2.00,2026-09-01T00:09:27.704Z
1.37,2026-09-01T00:09:42.908Z
1.29,2026-09-01T00:09:56.597Z
1.00,2026-09-01T00:10:12.973Z
1.41,2026-09-01T00:10:32.586Z
2.28,2026-09-01T00:10:44.742Z
2.49,2026-09-01T00:11:02.960Z
1.00,2026-09-01T00:11:25.504Z
1.27,2026-09-01T00:11:54.325Z
7.91,2026-09-01T00:12:14.316Z
1.59,2026-09-01T00:12:36.098Z
3.35,2026-09-01T00:13:05.734Z
1.47,2026-09-01T00:13:26.939Z
1.26,2026-09-01T00:13:36.302Z
1.22,2026-09-01T00:13:58.140Z
3.80,2026-09-01T00:14:07.103Z
53.66,2026-09-01T00:14:23.558Z
1.02,2026-09-01T00:14:36.476Z
17.67,2026-09-01T00:14:55.566Z
3.11,2026-09-01T00:15:18.899Z
1.14,2026-09-01T00:15:35.101Z
3.04,2026-09-01T00:16:00.823Z
1.17,2026-09-01T00:16:12.238Z
1.45,2026-09-01T00:16:20.593Z
2.20,2026-09-01T00:16:36.576Z
1.04,2026-09-01T00:16:54.547Z
2.09,2026-09-01T00:17:23.891Z
2.93,2026-09-01T00:17:51.317Z
1.60,2026-09-01T00:18:11.756Z
5.66,2026-09-01T00:18:23.180Z
4.80,2026-09-01T00:18:39.466Z
4.38,2026-09-01T00:18:49.375Z
1.78,2026-09-01T00:19:08.755Z
1.12,2026-09-01T00:19:18.607Z
3.07,2026-09-01T00:19:28.736Z
6.79,2026-09-01T00:19:46.745Z
3.12,2026-09-01T00:19:57.028Z
1.84,2026-09-01T00:20:23.152Z
1.03,2026-09-01T00:20:44.102Z
8.96,2026-09-01T00:21:02.566Z
1.99,2026-09-01T00:21:31.890Z
1.54,2026-09-01T00:21:57.197Z
1.21,2026-09-01T00:22:19.121Z
1.44,2026-09-01T00:22:33.362Z
1.88,2026-09-01T00:22:52.243Z
1.50,2026-09-01T00:23:08.300Z
1.76,2026-09-01T00:23:17.973Z
1.05,2026-09-01T00:23:47.774Z
1.00,2026-09-01T00:23:58.310Z
1.26,2026-09-01T00:24:07.198Z
1.88,2026-09-01T00:24:35.358Z
2.67,2026-09-01T00:24:49.505Z
1.10,2026-09-01T00:25:03.887Z
1.00,2026-09-01T00:25:20.359Z
3.37,2026-09-01T00:25:43.597Z
1.27,2026-09-01T00:26:12.965Z
2.46,2026-09-01T00:26:29.672Z
1.35,2026-09-01T00:26:52.109Z
4.84,2026-09-01T00:27:02.210Z
2.74,2026-09-01T00:27:13.539Z
2.16,2026-09-01T00:27:26.677Z
1.46,2026-09-01T00:27:56.320Z
40.52,2026-09-01T00:28:13.358Z
1.78,2026-09-01T00:28:31.504Z
1.31,2026-09-01T00:28:57.151Z
2.12,2026-09-01T00:29:21.704Z
3.40,2026-09-01T00:29:37.502Z
1.96,2026-09-01T00:30:00.435Z
1.00,2026-09-01T00:30:19.702Z
1.57,2026-09-01T00:30:43.536Z
11.83,2026-09-01T00:30:59.909Z
3.28,2026-09-01T00:31:24.884Z
17.03,2026-09-01T00:31:45.855Z
3.89,2026-09-01T00:32:13.997Z
2.22,2026-09-01T00:32:36.945Z
1.19,2026-09-01T00:32:51.146Z
1.50,2026-09-01T00:33:06.587Z
1.00,2026-09-01T00:33:17.743Z
4.03,2026-09-01T00:33:36.650Z
4.38,2026-09-01T00:33:56.218Z
1.52,2026-09-01T00:34:25.856Z
1.06,2026-09-01T00:34:36.885Z
1.87,2026-09-01T00:35:00.842Z
1.84,2026-09-01T00:35:30.592Z
3.30,2026-09-01T00:35:49.911Z
17.76,2026-09-01T00:36:06.998Z
1.57,2026-09-01T00:36:24.342Z
3.59,2026-09-01T00:36:48.555Z
9.43,2026-09-01T00:37:04.708Z
5.91,2026-09-01T00:37:26.021Z
1.72,2026-09-01T00:37:39.580Z
9.87,2026-09-01T00:38:03.293Z
1.14,2026-09-01T00:38:13.404Z
9.93,2026-09-01T00:38:40.222Z
2.39,2026-09-01T00:38:58.722Z
1.66,2026-09-01T00:39:13.908Z
1.01,2026-09-01T00:39:35.657Z
2.24,2026-09-01T00:39:49.259Z
1.32,2026-09-01T00:40:01.016Z
6.08,2026-09-01T00:40:22.688Z
18.68,2026-09-01T00:40:45.385Z
1.05,2026-09-01T00:40:53.481Z
1.00,2026-09-01T00:41:07.387Z
5.06,2026-09-01T00:41:20.807Z
13.28,2026-09-01T00:41:34.819Z
1.14,2026-09-01T00:41:45.691Z
2.34,2026-09-01T00:42:10.590Z
2.00,2026-09-01T00:42:38.039Z
2.73,2026-09-01T00:42:46.041Z
5.70,2026-09-01T00:43:08.251Z
2.05,2026-09-01T00:43:24.844Z
12.63,2026-09-01T00:43:50.015Z
1.40,2026-09-01T00:44:18.215Z
1.16,2026-09-01T00:44:44.664Z
1.91,2026-09-01T00:44:53.231Z
351.52,2026-09-01T00:45:08.759Z
1.52,2026-09-01T00:45:19.974Z
1.84,2026-09-01T00:45:49.758Z
1.22,2026-09-01T00:46:16.508Z
5.03,2026-09-01T00:46:32.036Z
1.41,2026-09-01T00:46:56.570Z
1.42,2026-09-01T00:47:05.741Z
1.38,2026-09-01T00:47:30.307Z
1.48,2026-09-01T00:47:49.985Z
1.33,2026-09-01T00:48:05.729Z
1.21,2026-09-01T00:48:19.789Z
1.55,2026-09-01T00:48:42.220Z
2.53,2026-09-01T00:49:11.785Z
3.55,2026-09-01T00:49:21.318Z
1.94,2026-09-01T00:49:50.902Z
2.10,2026-09-01T00:50:06.837Z
11.14,2026-09-01T00:50:34.664Z
1.62,2026-09-01T00:51:01.989Z
5.52,2026-09-01T00:51:27.436Z
1.39,2026-09-01T00:51:39.466Z
1.49,2026-09-01T00:52:07.482Z
1.00,2026-09-01T00:52:17.359Z
1.28,2026-09-01T00:52:43.464Z
1.03,2026-09-01T00:53:04.846Z
1.14,2026-09-01T00:53:27.971Z
2.02,2026-09-01T00:53:37.410Z
1.34,2026-09-01T00:54:00.033Z
1.24,2026-09-01T00:54:20.224Z
1.09,2026-09-01T00:54:31.023Z
3.18,2026-09-01T00:55:00.592Z
2.18,2026-09-01T00:55:19.634Z
7.05,2026-09-01T00:55:45.464Z
1.00,2026-09-01T00:56:09.356Z
1.07,2026-09-01T00:56:33.817Z
1.21,2026-09-01T00:56:58.217Z
8.85,2026-09-01T00:57:23.961Z
20.00,2026-09-01T00:57:40.642Z
6.78,2026-09-01T00:58:07.297Z
1.17,2026-09-01T00:58:19.770Z
12.39,2026-09-01T00:58:31.937Z
1.46,2026-09-01T00:58:51.954Z
1.06,2026-09-01T00:59:13.095Z
1.43,2026-09-01T00:59:31.009Z
1.11,2026-09-01T00:59:41.270Z
1.04,2026-09-01T01:00:02.447Z
7.90,2026-09-01T01:00:18.248Z
1.40,2026-09-01T01:00:46.916Z
1.08,2026-09-01T01:00:57.080Z
1.84,2026-09-01T01:01:09.074Z
1.00,2026-09-01T01:01:34.357Z
7.46,2026-09-01T01:01:50.139Z
1.26,2026-09-01T01:02:12.967Z
3.20,2026-09-01T01:02:41.339Z
2.98,2026-09-01T01:03:11.036Z
2.31,2026-09-01T01:03:34.978Z
1.55,2026-09-01T01:03:58.962Z
1.07,2026-09-01T01:04:09.260Z
1.40,2026-09-01T01:04:18.424Z
2.57,2026-09-01T01:04:41.626Z
4.08,2026-09-01T01:05:01.678Z
2.11,2026-09-01T01:05:12.113Z
1.00,2026-09-01T01:05:41.634Z
1.39,2026-09-01T01:05:51.344Z
1.67,2026-09-01T01:06:02.213Z
1.19,2026-09-01T01:06:18.330Z
2.08,2026-09-01T01:06:26.943Z
3.03,2026-09-01T01:06:50.295Z
2.91,2026-09-01T01:07:04.217Z
1.85,2026-09-01T01:07:28.051Z
1.70,2026-09-01T01:07:41.844Z
1.53,2026-09-01T01:07:58.700Z
1.65,2026-09-01T01:08:26.207Z
20.20,2026-09-01T01:08:34.919Z
4.08,2026-09-01T01:08:44.334Z
3.53,2026-09-01T01:09:00.559Z
1.38,2026-09-01T01:09:09.361Z
8.97,2026-09-01T01:09:37.016Z
1.00,2026-09-01T01:09:54.913Z
1.00,2026-09-01T01:10:09.120Z
1.12,2026-09-01T01:10:17.479Z
1.19,2026-09-01T01:10:44.816Z
1.00,2026-09-01T01:11:03.390Z
1.33,2026-09-01T01:11:30.151Z
1.17,2026-09-01T01:11:43.319Z
2.44,2026-09-01T01:12:12.523Z
1.63,2026-09-01T01:12:41.985Z
1.19,2026-09-01T01:12:53.704Z
4.80,2026-09-01T01:13:07.074Z
5.52,2026-09-01T01:13:37.065Z
1.32,2026-09-01T01:13:56.813Z
1.80,2026-09-01T01:14:06.562Z
1.07,2026-09-01T01:14:22.287Z
1.85,2026-09-01T01:14:43.813Z
4.46,2026-09-01T01:14:56.126Z
1.91,2026-09-01T01:15:11.542Z
1.14,2026-09-01T01:15:28.177Z
2.87,2026-09-01T01:15:36.658Z
5.38,2026-09-01T01:15:54.892Z
1.45,2026-09-01T01:16:12.181Z
4.04,2026-09-01T01:16:25.793Z
9.44,2026-09-01T01:16:45.287Z
6.90,2026-09-01T01:17:03.911Z
1.14,2026-09-01T01:17:25.405Z
1.04,2026-09-01T01:17:38.490Z
7.60,2026-09-01T01:18:03.705Z
6.15,2026-09-01T01:18:17.430Z
2.91,2026-09-01T01:18:31.909Z
1.31,2026-09-01T01:18:44.348Z
1.82,2026-09-01T01:19:11.444Z
3.25,2026-09-01T01:19:39.852Z
1.68,2026-09-01T01:20:01.735Z
1.04,2026-09-01T01:20:28.978Z
1.33,2026-09-01T01:20:57.010Z
4.07,2026-09-01T01:21:09.088Z
2.01,2026-09-01T01:21:21.210Z
2.81,2026-09-01T01:21:47.551Z
2.11,2026-09-01T01:22:07.023Z
1.74,2026-09-01T01:22:15.497Z
1.87,2026-09-01T01:22:40.277Z
3.42,2026-09-01T01:22:58.747Z
6.92,2026-09-01T01:23:07.821Z
429.08,2026-09-01T01:23:15.997Z
1.80,2026-09-01T01:23:33.497Z
1.00,2026-09-01T01:23:57.050Z
5.58,2026-09-01T01:24:26.140Z
1.96,2026-09-01T01:24:40.501Z
1.69,2026-09-01T01:25:04.392Z
1.21,2026-09-01T01:25:30.667Z
4.81,2026-09-01T01:25:48.838Z
1.85,2026-09-01T01:26:10.868Z
6.23,2026-09-01T01:26:38.623Z
7.64,2026-09-01T01:26:56.517Z
1.75,2026-09-01T01:27:11.512Z
2.67,2026-09-01T01:27:30.964Z
6.52,2026-09-01T01:27:42.032Z
10.62,2026-09-01T01:27:57.022Z
1.76,2026-09-01T01:28:11.728Z
1.40,2026-09-01T01:28:28.110Z
1.46,2026-09-01T01:28:51.727Z
1.19,2026-09-01T01:29:13.375Z
2.09,2026-09-01T01:29:30.887Z
7.64,2026-09-01T01:29:46.105Z
2.22,2026-09-01T01:30:13.470Z
3.09,2026-09-01T01:30:38.127Z
1.06,2026-09-01T01:31:02.763Z
2.08,2026-09-01T01:31:32.361Z
1.15,2026-09-01T01:32:02.342Z
2.51,2026-09-01T01:32:14.708Z
1.59,2026-09-01T01:32:25.008Z
1.89,2026-09-01T01:32:54.001Z
3.84,2026-09-01T01:33:23.766Z
59.78,2026-09-01T01:33:36.875Z
1.93,2026-09-01T01:33:51.764Z
3.13,2026-09-01T01:34:17.722Z
2.38,2026-09-01T01:34:45.667Z
1.00,2026-09-01T01:35:13.916Z
1.69,2026-09-01T01:35:23.276Z
8.47,2026-09-01T01:35:45.730Z
126.15,2026-09-01T01:36:04.473Z
1.74,2026-09-01T01:36:22.266Z
17.61,2026-09-01T01:36:52.031Z
4.70,2026-09-01T01:37:04.436Z
4.10,2026-09-01T01:37:15.684Z
1.00,2026-09-01T01:37:27.519Z
3.98,2026-09-01T01:37:57.223Z
4.17,2026-09-01T01:38:09.108Z
1.14,2026-09-01T01:38:31.103Z
1.11,2026-09-01T01:38:49.212Z
7.00,2026-09-01T01:39:10.463Z
2.05,2026-09-01T01:39:32.650Z
2.99,2026-09-01T01:39:46.798Z
1.29,2026-09-01T01:40:11.945Z
2.28,2026-09-01T01:40:31.290Z
1.78,2026-09-01T01:40:48.968Z
1.28,2026-09-01T01:41:16.171Z
1.04,2026-09-01T01:41:30.029Z
1.21,2026-09-01T01:41:44.106Z
1.03,2026-09-01T01:42:06.304Z
3.56,2026-09-01T01:42:28.290Z
1.20,2026-09-01T01:42:45.306Z
2.41,2026-09-01T01:42:56.651Z
2.90,2026-09-01T01:43:15.978Z
1.99,2026-09-01T01:43:44.997Z
1.03,2026-09-01T01:43:54.728Z
1.47,2026-09-01T01:44:17.765Z
1.96,2026-09-01T01:44:31.563Z
1.01,2026-09-01T01:44:57.873Z
1.95,2026-09-01T01:45:16.546Z
1.74,2026-09-01T01:45:38.504Z
1.06,2026-09-01T01:45:53.074Z
1.95,2026-09-01T01:46:11.744Z
2.15,2026-09-01T01:46:38.675Z
2.23,2026-09-01T01:46:56.064Z
1.80,2026-09-01T01:47:13.168Z
1.51,2026-09-01T01:47:25.511Z
3.39,2026-09-01T01:47:46.640Z
1.46,2026-09-01T01:48:01.144Z
3.39,2026-09-01T01:48:23.481Z
4.18,2026-09-01T01:48:38.343Z
16.74,2026-09-01T01:48:48.844Z
2.34,2026-09-01T01:49:01.508Z
8.51,2026-09-01T01:49:11.203Z
2.65,2026-09-01T01:49:40.025Z
1.24,2026-09-01T01:50:06.326Z
1.99,2026-09-01T01:50:29.098Z
1.06,2026-09-01T01:50:53.490Z
1.04,2026-09-01T01:51:20.113Z
2.54,2026-09-01T01:51:37.151Z
1.35,2026-09-01T01:52:00.024Z
2.82,2026-09-01T01:52:11.670Z
1.55,2026-09-01T01:52:23.212Z
3.39,2026-09-01T01:52:34.844Z
17.08,2026-09-01T01:52:45.973Z
4.47,2026-09-01T01:52:59.834Z
1.13,2026-09-01T01:53:13.269Z
3.71,2026-09-01T01:53:27.497Z
4.82,2026-09-01T01:53:45.214Z
1.00,2026-09-01T01:53:58.010Z
1.53,2026-09-01T01:54:20.807Z
1.98,2026-09-01T01:54:34.229Z
11.37,2026-09-01T01:55:00.748Z
1.03,2026-09-01T01:55:10.194Z
1.45,2026-09-01T01:55:31.098Z
6.74,2026-09-01T01:55:54.702Z
6.32,2026-09-01T01:56:23.655Z
4.50,2026-09-01T01:56:40.737Z
1.35,2026-09-01T01:56:55.079Z
2.95,2026-09-01T01:57:24.822Z
1.00,2026-09-01T01:57:47.750Z
1.81,2026-09-01T01:58:00.490Z
2.59,2026-09-01T01:58:12.895Z
1.32,2026-09-01T01:58:33.434Z
1.20,2026-09-01T01:58:52.055Z
2.01,2026-09-01T01:59:13.097Z
3.79,2026-09-01T01:59:23.036Z
2.13,2026-09-01T01:59:32.837Z
1.96,2026-09-01T01:59:58.461Z
1.10,2026-09-01T02:00:08.615Z
2.17,2026-09-01T02:00:17.029Z
2.23,2026-09-01T02:00:34.057Z
8.57,2026-09-01T02:00:48.254Z
2.11,2026-09-01T02:01:14.879Z
4.17,2026-09-01T02:01:26.591Z
3.89,2026-09-01T02:01:52.274Z
1.69,2026-09-01T02:02:21.276Z
6.86,2026-09-01T02:02:44.345Z
1.58,2026-09-01T02:02:58.791Z
1.67,2026-09-01T02:03:20.159Z
4.05,2026-09-01T02:03:37.861Z
4.95,2026-09-01T02:03:47.092Z
3.38,2026-09-01T02:04:10.070Z
4.85,2026-09-01T02:04:35.060Z
34.42,2026-09-01T02:05:04.809Z
8.58,2026-09-01T02:05:15.745Z
3.27,2026-09-01T02:05:25.731Z
2.85,2026-09-01T02:05:37.149Z
3.42,2026-09-01T02:05:45.946Z
21.23,2026-09-01T02:06:11.711Z
4.91,2026-09-01T02:06:33.649Z
6.72,2026-09-01T02:06:42.387Z
1.16,2026-09-01T02:06:51.113Z
1.44,2026-09-01T02:07:03.627Z
1.33,2026-09-01T02:07:31.133Z
13.99,2026-09-01T02:07:53.877Z
10.87,2026-09-01T02:08:22.980Z
16.70,2026-09-01T02:08:40.728Z
3.25,2026-09-01T02:09:05.889Z
3.02,2026-09-01T02:09:28.004Z
1.56,2026-09-01T02:09:44.908Z
1.32,2026-09-01T02:10:12.406Z
1.46,2026-09-01T02:10:26.661Z
30.40,2026-09-01T02:10:51.853Z
2.06,2026-09-01T02:11:16.405Z
2.48,2026-09-01T02:11:25.029Z
1.07,2026-09-01T02:11:46.703Z
1.01,2026-09-01T02:12:12.209Z
18.57,2026-09-01T02:12:38.497Z
5.25,2026-09-01T02:13:02.922Z
5.05,2026-09-01T02:13:28.716Z
1.14,2026-09-01T02:13:57.102Z
1.67,2026-09-01T02:14:11.794Z
5.48,2026-09-01T02:14:29.166Z
1.46,2026-09-01T02:14:52.591Z
1.32,2026-09-01T02:15:10.082Z
1.24,2026-09-01T02:15:20.389Z
3.31,2026-09-01T02:15:30.581Z
1.27,2026-09-01T02:15:49.816Z
1.14,2026-09-01T02:16:00.667Z
1.83,2026-09-01T02:16:24.583Z
16.58,2026-09-01T02:16:52.062Z
5.05,2026-09-01T02:17:01.033Z
1.04,2026-09-01T02:17:25.761Z
1.03,2026-09-01T02:17:36.279Z
1.13,2026-09-01T02:17:49.730Z
1.58,2026-09-01T02:18:05.732Z
1.52,2026-09-01T02:18:24.228Z
2.00,2026-09-01T02:18:41.012Z
1.02,2026-09-01T02:18:49.415Z
3.46,2026-09-01T02:19:18.691Z
1.07,2026-09-01T02:19:27.741Z
4.80,2026-09-01T02:19:48.635Z
1.16,2026-09-01T02:20:17.547Z
1.33,2026-09-01T02:20:29.611Z
1.91,2026-09-01T02:20:39.821Z
1.72,2026-09-01T02:20:50.279Z
1.47,2026-09-01T02:21:10.836Z
15.32,2026-09-01T02:21:19.785Z
1.03,2026-09-01T02:21:41.381Z
1.61,2026-09-01T02:22:10.992Z
1.00,2026-09-01T02:22:24.989Z
38.02,2026-09-01T02:22:39.357Z
1.00,2026-09-01T02:23:06.605Z
2.29,2026-09-01T02:23:34.130Z
4.90,2026-09-01T02:23:50.265Z
1.59,2026-09-01T02:23:58.283Z
1.24,2026-09-01T02:24:14.126Z
3.03,2026-09-01T02:24:27.466Z
1.47,2026-09-01T02:24:56.964Z
26.46,2026-09-01T02:25:16.656Z
8.25,2026-09-01T02:25:34.343Z
2.60,2026-09-01T02:26:01.733Z
3.74,2026-09-01T02:26:25.070Z
2.36,2026-09-01T02:26:42.506Z
4.39,2026-09-01T02:26:57.490Z
2.52,2026-09-01T02:27:21.243Z
1.25,2026-09-01T02:27:45.809Z
2.86,2026-09-01T02:27:55.462Z
2.06,2026-09-01T02:28:14.918Z
1.42,2026-09-01T02:28:37.768Z
1.53,2026-09-01T02:28:51.477Z
2.35,2026-09-01T02:29:10.631Z
2.48,2026-09-01T02:29:24.208Z
3.38,2026-09-01T02:29:52.869Z
3.40,2026-09-01T02:30:15.833Z
2.50,2026-09-01T02:30:25.585Z
3.33,2026-09-01T02:30:52.774Z
419.05,2026-09-01T02:31:20.248Z
1.94,2026-09-01T02:31:37.170Z
1.19,2026-09-01T02:31:59.152Z
1.02,2026-09-01T02:32:07.801Z
18.77,2026-09-01T02:32:25.195Z
2.83,2026-09-01T02:32:38.687Z
1.07,2026-09-01T02:33:08.039Z
2.22,2026-09-01T02:33:26.314Z
3.68,2026-09-01T02:33:52.848Z
1.37,2026-09-01T02:34:21.011Z
1.86,2026-09-01T02:34:38.405Z
5.56,2026-09-01T02:34:55.965Z
1.00,2026-09-01T02:35:22.403Z
1.12,2026-09-01T02:35:30.817Z
1.09,2026-09-01T02:35:47.432Z
1.49,2026-09-01T02:36:00.568Z
1.07,2026-09-01T02:36:22.438Z
5.08,2026-09-01T02:36:36.898Z
2.27,2026-09-01T02:37:02.715Z
1.01,2026-09-01T02:37:23.502Z
1.10,2026-09-01T02:37:35.001Z
6.87,2026-09-01T02:37:59.609Z
14.92,2026-09-01T02:38:18.656Z
1.12,2026-09-01T02:38:47.279Z
1.32,2026-09-01T02:38:56.236Z
1.23,2026-09-01T02:39:16.659Z
1.53,2026-09-01T02:39:32.102Z
1.51,2026-09-01T02:39:49.132Z
2.95,2026-09-01T02:40:08.015Z
3.22,2026-09-01T02:40:37.830Z
1.20,2026-09-01T02:40:52.708Z
1.05,2026-09-01T02:41:20.101Z
3.24,2026-09-01T02:41:46.775Z
1.57,2026-09-01T02:42:14.135Z
3.51,2026-09-01T02:42:38.170Z
1.01,2026-09-01T02:42:56.775Z
48.21,2026-09-01T02:43:07.086Z
1.85,2026-09-01T02:43:35.321Z
2.59,2026-09-01T02:44:01.742Z
2.72,2026-09-01T02:44:15.622Z
1.12,2026-09-01T02:44:42.859Z
1.00,2026-09-01T02:45:07.587Z
5.16,2026-09-01T02:45:24.747Z
1.07,2026-09-01T02:45:51.432Z
2.24,2026-09-01T02:46:20.123Z
2.60,2026-09-01T02:46:42.591Z
1.44,2026-09-01T02:46:52.461Z
2.78,2026-09-01T02:47:12.712Z
1.49,2026-09-01T02:47:40.086Z
5.11,2026-09-01T02:47:57.448Z
2.58,2026-09-01T02:48:15.974Z
1.00,2026-09-01T02:48:27.136Z
1.13,2026-09-01T02:48:40.155Z
1.63,2026-09-01T02:48:52.597Z
2.61,2026-09-01T02:49:15.536Z
1.17,2026-09-01T02:49:26.343Z
12.47,2026-09-01T02:49:45.546Z
4.34,2026-09-01T02:50:03.925Z
2.79,2026-09-01T02:50:24.455Z
2.15,2026-09-01T02:50:53.120Z
4.99,2026-09-01T02:51:17.389Z
1.09,2026-09-01T02:51:45.619Z
4.47,2026-09-01T02:52:00.251Z
3.85,2026-09-01T02:52:22.297Z
32.56,2026-09-01T02:52:30.712Z
2.11,2026-09-01T02:52:54.361Z
15.27,2026-09-01T02:53:02.441Z
1.87,2026-09-01T02:53:27.762Z
8.64,2026-09-01T02:53:56.557Z
2.87,2026-09-01T02:54:08.107Z
1.51,2026-09-01T02:54:16.108Z
1.32,2026-09-01T02:54:34.860Z
1.32,2026-09-01T02:55:00.115Z
1.16,2026-09-01T02:55:19.606Z
29.43,2026-09-01T02:55:46.150Z
1.34,2026-09-01T02:56:13.660Z
1.32,2026-09-01T02:56:25.545Z
3.41,2026-09-01T02:56:33.914Z
7.36,2026-09-01T02:56:52.610Z
1.22,2026-09-01T02:57:16.625Z
3.92,2026-09-01T02:57:30.054Z
14.64,2026-09-01T02:57:50.562Z
1.14,2026-09-01T02:58:03.230Z
1.31,2026-09-01T02:58:19.468Z
1.16,2026-09-01T02:58:38.563Z
1.48,2026-09-01T02:58:50.402Z
1.32,2026-09-01T02:59:09.820Z
3.24,2026-09-01T02:59:37.355Z
16.34,2026-09-01T02:59:46.068Z
2.51,2026-09-01T03:00:05.836Z
2.47,2026-09-01T03:00:21.404Z
3.65,2026-09-01T03:00:38.211Z
1.49,2026-09-01T03:01:04.752Z
1.04,2026-09-01T03:01:31.142Z
32.68,2026-09-01T03:01:56.279Z
1.64,2026-09-01T03:02:24.290Z
1.35,2026-09-01T03:02:44.722Z
1.46,2026-09-01T03:03:13.868Z
1.67,2026-09-01T03:03:37.773Z
12.62,2026-09-01T03:04:02.975Z
1.57,2026-09-01T03:04:16.723Z
1.33,2026-09-01T03:04:46.655Z
1.33,2026-09-01T03:04:58.999Z
1.44,2026-09-01T03:05:18.497Z
7.85,2026-09-01T03:05:46.496Z
1.95,2026-09-01T03:06:13.592Z
1.86,2026-09-01T03:06:28.791Z
4.27,2026-09-01T03:06:41.770Z
1.00,2026-09-01T03:07:04.128Z
1.14,2026-09-01T03:07:19.559Z
1.14,2026-09-01T03:07:31.643Z
1.30,2026-09-01T03:07:41.771Z
1.37,2026-09-01T03:08:10.755Z
1.98,2026-09-01T03:08:31.301Z
10.99,2026-09-01T03:08:58.561Z
1.93,2026-09-01T03:09:11.518Z
1.21,2026-09-01T03:09:32.481Z
1.07,2026-09-01T03:09:58.519Z
1.50,2026-09-01T03:10:16.944Z
1.28,2026-09-01T03:10:42.707Z
25.06,2026-09-01T03:11:04.951Z
1.47,2026-09-01T03:11:26.059Z
2.10,2026-09-01T03:11:38.379Z
1.44,2026-09-01T03:12:06.791Z
1.07,2026-09-01T03:12:35.303Z
1.13,2026-09-01T03:12:46.177Z
2.98,2026-09-01T03:13:11.120Z
10.66,2026-09-01T03:13:40.660Z
3.18,2026-09-01T03:14:06.801Z
3.18,2026-09-01T03:14:27.493Z
1.00,2026-09-01T03:14:41.917Z
3.53,2026-09-01T03:15:08.572Z
1.42,2026-09-01T03:15:32.609Z
1.36,2026-09-01T03:15:41.926Z
12.76,2026-09-01T03:15:56.409Z
2.59,2026-09-01T03:16:24.961Z
1.18,2026-09-01T03:16:45.307Z
4.98,2026-09-01T03:17:02.766Z
5.37,2026-09-01T03:17:14.552Z
1.40,2026-09-01T03:17:25.524Z
1.18,2026-09-01T03:17:37.403Z
1.94,2026-09-01T03:17:53.877Z
1.29,2026-09-01T03:18:10.395Z
2.26,2026-09-01T03:18:25.029Z
1.94,2026-09-01T03:18:40.932Z
2.65,2026-09-01T03:18:50.093Z
7.04,2026-09-01T03:18:58.934Z
13.79,2026-09-01T03:19:25.622Z
1.00,2026-09-01T03:19:36.483Z
1.63,2026-09-01T03:19:55.347Z
5.30,2026-09-01T03:20:13.982Z
2.52,2026-09-01T03:20:36.655Z
3.23,2026-09-01T03:21:04.140Z
3.60,2026-09-01T03:21:19.531Z
2.34,2026-09-01T03:21:29.224Z
1.37,2026-09-01T03:21:49.142Z
1.14,2026-09-01T03:22:16.327Z
1.11,2026-09-01T03:22:25.679Z
1.64,2026-09-01T03:22:36.536Z
2.01,2026-09-01T03:22:55.877Z
8.02,2026-09-01T03:23:23.508Z
1.44,2026-09-01T03:23:45.944Z
1.72,2026-09-01T03:24:07.287Z
1.76,2026-09-01T03:24:36.660Z
2.16,2026-09-01T03:24:56.872Z
4.72,2026-09-01T03:25:13.351Z
1.00,2026-09-01T03:25:27.122Z
4.11,2026-09-01T03:25:43.996Z
1.00,2026-09-01T03:26:13.701Z
4.37,2026-09-01T03:26:41.215Z
4.72,2026-09-01T03:27:04.862Z
1.23,2026-09-01T03:27:17.772Z
3.84,2026-09-01T03:27:43.974Z
2.40,2026-09-01T03:28:08.377Z
1.04,2026-09-01T03:28:34.722Z
1.82,2026-09-01T03:28:56.166Z
5.03,2026-09-01T03:29:07.116Z
1.08,2026-09-01T03:29:20.617Z
1.55,2026-09-01T03:29:34.774Z
1.76,2026-09-01T03:29:50.203Z
3.49,2026-09-01T03:30:01.244Z
3.82,2026-09-01T03:30:19.003Z
2.45,2026-09-01T03:30:30.380Z
1.92,2026-09-01T03:30:51.309Z
1.63,2026-09-01T03:31:12.367Z
1.78,2026-09-01T03:31:28.203Z
4.15,2026-09-01T03:31:37.928Z
3.93,2026-09-01T03:32:02.993Z
1.70,2026-09-01T03:32:32.929Z
1.98,2026-09-01T03:32:49.322Z
1.31,2026-09-01T03:33:10.243Z
5.86,2026-09-01T03:33:28.960Z
1.22,2026-09-01T03:33:49.749Z
1.47,2026-09-01T03:34:01.680Z
2.60,2026-09-01T03:34:23.853Z
19.41,2026-09-01T03:34:32.672Z
1.01,2026-09-01T03:34:54.007Z
4.41,2026-09-01T03:35:06.968Z
16.72,2026-09-01T03:35:15.766Z
2.59,2026-09-01T03:35:44.842Z
2.19,2026-09-01T03:36:14.447Z
1.13,2026-09-01T03:36:26.083Z
1.69,2026-09-01T03:36:37.546Z
12.98,2026-09-01T03:37:00.565Z
185.56,2026-09-01T03:37:27.493Z
1.07,2026-09-01T03:37:50.648Z
6.47,2026-09-01T03:38:03.763Z
2.98,2026-09-01T03:38:32.236Z
1.08,2026-09-01T03:38:42.480Z
1.80,2026-09-01T03:39:04.090Z
1.03,2026-09-01T03:39:29.666Z
1.27,2026-09-01T03:39:41.135Z
1.33,2026-09-01T03:40:10.895Z
1.05,2026-09-01T03:40:29.213Z
2.41,2026-09-01T03:40:44.469Z
178.67,2026-09-01T03:40:56.518Z
3.05,2026-09-01T03:41:15.608Z
1.77,2026-09-01T03:41:23.934Z
1.25,2026-09-01T03:41:48.195Z
1.65,2026-09-01T03:42:11.890Z
2.35,2026-09-01T03:42:30.399Z
16.02,2026-09-01T03:42:45.270Z
3.81,2026-09-01T03:43:14.811Z
4.14,2026-09-01T03:43:41.186Z
2.71,2026-09-01T03:44:08.292Z
6.84,2026-09-01T03:44:21.552Z
7.24,2026-09-01T03:44:33.415Z
2.13,2026-09-01T03:44:49.691Z
2.11,2026-09-01T03:45:00.155Z
1.81,2026-09-01T03:45:28.160Z
1.76,2026-09-01T03:45:51.405Z
3.57,2026-09-01T03:46:12.527Z
1.25,2026-09-01T03:46:40.387Z
2.72,2026-09-01T03:46:59.641Z
2.56,2026-09-01T03:47:20.439Z
2.14,2026-09-01T03:47:31.956Z
1.09,2026-09-01T03:48:00.816Z
1.67,2026-09-01T03:48:26.060Z
1.02,2026-09-01T03:48:48.940Z
4.42,2026-09-01T03:49:00.418Z
1.00,2026-09-01T03:49:18.563Z
1.64,2026-09-01T03:49:30.874Z
1.07,2026-09-01T03:49:51.505Z
1.06,2026-09-01T03:50:13.485Z
1.49,2026-09-01T03:50:33.402Z
1.10,2026-09-01T03:50:54.658Z
5.03,2026-09-01T03:51:08.807Z
2.22,2026-09-01T03:51:22.508Z
1.40,2026-09-01T03:51:33.258Z
1.93,2026-09-01T03:51:52.185Z
1.12,2026-09-01T03:52:04.662Z
1.79,2026-09-01T03:52:22.702Z
8.71,2026-09-01T03:52:42.738Z
1.04,2026-09-01T03:53:12.721Z
1.42,2026-09-01T03:53:42.178Z
1.64,2026-09-01T03:53:50.474Z
5.57,2026-09-01T03:54:02.155Z
1.45,2026-09-01T03:54:29.271Z
1.76,2026-09-01T03:54:40.499Z
3.61,2026-09-01T03:54:53.952Z
16.64,2026-09-01T03:55:11.747Z
2.98,2026-09-01T03:55:30.547Z
4.29,2026-09-01T03:55:52.610Z
1.88,2026-09-01T03:56:04.029Z
14.74,2026-09-01T03:56:15.715Z
1.76,2026-09-01T03:56:42.934Z
2.58,2026-09-01T03:57:03.104Z
1.29,2026-09-01T03:57:18.562Z
1.04,2026-09-01T03:57:41.610Z
1.11,2026-09-01T03:57:50.154Z
2.05,2026-09-01T03:58:08.266Z
1.29,2026-09-01T03:58:22.560Z
3.05,2026-09-01T03:58:31.795Z
3.21,2026-09-01T03:58:43.006Z
1.11,2026-09-01T03:59:03.746Z
2.79,2026-09-01T03:59:32.017Z
1.10,2026-09-01T03:59:41.558Z
1.47,2026-09-01T04:00:01.796Z
1.08,2026-09-01T04:00:21.048Z
1.95,2026-09-01T04:00:29.225Z
1.29,2026-09-01T04:00:48.823Z
1.36,2026-09-01T04:01:16.201Z
3.15,2026-09-01T04:01:30.628Z
2.28,2026-09-01T04:01:42.857Z
2.62,2026-09-01T04:02:02.570Z
1.00,2026-09-01T04:02:15.438Z
1.60,2026-09-01T04:02:40.212Z
1.98,2026-09-01T04:02:52.828Z
22.60,2026-09-01T04:03:17.634Z
1.46,2026-09-01T04:03:44.119Z
1.49,2026-09-01T04:03:59.757Z
2.69,2026-09-01T04:04:23.498Z
1.72,2026-09-01T04:04:52.089Z
1.51,2026-09-01T04:05:11.503Z
1.72,2026-09-01T04:05:24.826Z
7.25,2026-09-01T04:05:40.927Z
1.80,2026-09-01T04:05:51.160Z
1.22,2026-09-01T04:06:20.387Z
1.44,2026-09-01T04:06:37.927Z
6.10,2026-09-01T04:07:07.325Z
1.59,2026-09-01T04:07:33.099Z
1.31,2026-09-01T04:07:43.335Z
4.73,2026-09-01T04:07:59.652Z
1.98,2026-09-01T04:08:29.554Z
1.63,2026-09-01T04:08:41.922Z
1.26,2026-09-01T04:09:00.958Z
1.49,2026-09-01T04:09:17.836Z
4.47,2026-09-01T04:09:28.518Z
1.00,2026-09-01T04:09:47.913Z
1.37,2026-09-01T04:10:16.523Z
2.03,2026-09-01T04:10:41.907Z
1.26,2026-09-01T04:10:58.308Z
1.12,2026-09-01T04:11:20.954Z
1.14,2026-09-01T04:11:36.487Z
1.51,2026-09-01T04:12:01.199Z
1.11,2026-09-01T04:12:14.234Z
1.24,2026-09-01T04:12:34.641Z
3.85,2026-09-01T04:12:54.738Z
1.01,2026-09-01T04:13:15.965Z
1.34,2026-09-01T04:13:38.364Z
1.33,2026-09-01T04:14:01.290Z
1.19,2026-09-01T04:14:13.891Z
22.95,2026-09-01T04:14:39.808Z
1.16,2026-09-01T04:15:08.821Z
2.02,2026-09-01T04:15:24.900Z
1.81,2026-09-01T04:15:38.353Z
383.52,2026-09-01T04:15:50.724Z
1.32,2026-09-01T04:16:16.529Z
6.03,2026-09-01T04:16:44.153Z
1.92,2026-09-01T04:17:11.430Z
1.40,2026-09-01T04:17:23.422Z
2.13,2026-09-01T04:17:31.668Z
1.04,2026-09-01T04:17:53.493Z
1.41,2026-09-01T04:18:18.445Z
1.31,2026-09-01T04:18:43.616Z
3.42,2026-09-01T04:19:11.182Z
7.18,2026-09-01T04:19:37.347Z
1.22,2026-09-01T04:19:51.151Z
2.60,2026-09-01T04:20:01.743Z
2.78,2026-09-01T04:20:11.609Z
1.44,2026-09-01T04:20:37.741Z
1.19,2026-09-01T04:21:04.991Z
1.04,2026-09-01T04:21:15.936Z
1.18,2026-09-01T04:21:33.735Z
8.86,2026-09-01T04:21:54.566Z
2.72,2026-09-01T04:22:21.713Z
1.02,2026-09-01T04:22:33.875Z
7.61,2026-09-01T04:23:00.641Z
1.90,2026-09-01T04:23:13.891Z
3.16,2026-09-01T04:23:23.268Z
1.17,2026-09-01T04:23:48.217Z
2.91,2026-09-01T04:24:07.023Z
1.79,2026-09-01T04:24:31.428Z
1.84,2026-09-01T04:24:47.011Z
1.87,2026-09-01T04:25:14.349Z
2.90,2026-09-01T04:25:35.972Z
1.00,2026-09-01T04:26:02.505Z
3.05,2026-09-01T04:26:27.849Z
1.70,2026-09-01T04:26:46.748Z
1.22,2026-09-01T04:27:16.538Z
2.19,2026-09-01T04:27:46.338Z
1.02,2026-09-01T04:28:12.776Z
1.63,2026-09-01T04:28:31.634Z
1.95,2026-09-01T04:28:47.621Z
1.07,2026-09-01T04:29:11.620Z
1.61,2026-09-01T04:29:39.912Z
2.26,2026-09-01T04:30:00.153Z
1.08,2026-09-01T04:30:19.271Z
2.50,2026-09-01T04:30:29.403Z
1.81,2026-09-01T04:30:48.542Z
22.69,2026-09-01T04:31:14.548Z
1.34,2026-09-01T04:31:31.539Z
3.39,2026-09-01T04:31:50.079Z
1.41,2026-09-01T04:32:14.317Z
1.49,2026-09-01T04:32:37.837Z
1.50,2026-09-01T04:33:02.369Z
8.42,2026-09-01T04:33:30.014Z
2.06,2026-09-01T04:33:46.647Z
2.01,2026-09-01T04:34:07.891Z
1.00,2026-09-01T04:34:17.002Z
5.75,2026-09-01T04:34:27.708Z
1.41,2026-09-01T04:34:40.531Z
1.13,2026-09-01T04:35:10.370Z
18.47,2026-09-01T04:35:32.872Z
3.28,2026-09-01T04:35:42.845Z
1.14,2026-09-01T04:36:01.241Z
2.62,2026-09-01T04:36:11.604Z
1.87,2026-09-01T04:36:22.508Z
1.08,2026-09-01T04:36:51.656Z
1.98,2026-09-01T04:37:19.634Z
1.49,2026-09-01T04:37:42.549Z
4.84,2026-09-01T04:37:57.862Z
2.89,2026-09-01T04:38:07.472Z
2.04,2026-09-01T04:38:22.976Z
3.75,2026-09-01T04:38:37.081Z
6.48,2026-09-01T04:38:52.239Z
1.45,2026-09-01T04:39:19.063Z
9.60,2026-09-01T04:39:45.774Z
4.15,2026-09-01T04:40:08.722Z
3.90,2026-09-01T04:40:17.216Z
1.22,2026-09-01T04:40:35.960Z
1.56,2026-09-01T04:40:51.464Z
1.42,2026-09-01T04:41:21.266Z
10.56,2026-09-01T04:41:43.507Z
1.57,2026-09-01T04:41:54.274Z
10.76,2026-09-01T04:42:03.955Z
4.01,2026-09-01T04:42:14.435Z
115.45,2026-09-01T04:42:40.142Z
7.24,2026-09-01T04:42:48.805Z
1.35,2026-09-01T04:43:18.556Z
7.82,2026-09-01T04:43:35.644Z
20.89,2026-09-01T04:43:59.459Z
1.49,2026-09-01T04:44:22.498Z
6.40,2026-09-01T04:44:37.710Z
1.64,2026-09-01T04:44:57.032Z
20.68,2026-09-01T04:45:09.439Z
1.95,2026-09-01T04:45:19.054Z
1.94,2026-09-01T04:45:40.435Z
2.30,2026-09-01T04:45:54.343Z
1.14,2026-09-01T04:46:12.625Z
1.17,2026-09-01T04:46:36.911Z
1.56,2026-09-01T04:46:59.079Z
3.04,2026-09-01T04:47:08.306Z
1.31,2026-09-01T04:47:20.174Z
1.95,2026-09-01T04:47:29.431Z
1.28,2026-09-01T04:47:46.507Z
2.23,2026-09-01T04:48:08.282Z
1.69,2026-09-01T04:48:26.128Z
2.21,2026-09-01T04:48:49.607Z
1.84,2026-09-01T04:49:05.113Z
1.43,2026-09-01T04:49:29.174Z
1.12,2026-09-01T04:49:48.570Z
2.43,2026-09-01T04:50:06.230Z
1.29,2026-09-01T04:50:33.581Z
2.65,2026-09-01T04:50:42.278Z
1.12,2026-09-01T04:50:53.419Z
1.25,2026-09-01T04:51:10.823Z
1.56,2026-09-01T04:51:29.519Z
1.27,2026-09-01T04:51:41.283Z
19.46,2026-09-01T04:51:56.333Z
2.03,2026-09-01T04:52:19.958Z
2.94,2026-09-01T04:52:41.148Z
1.02,2026-09-01T04:53:07.316Z
10.69,2026-09-01T04:53:23.466Z
1.42,2026-09-01T04:53:35.527Z
2.41,2026-09-01T04:53:52.887Z
1.01,2026-09-01T04:54:11.174Z
2.37,2026-09-01T04:54:29.266Z
4.63,2026-09-01T04:54:44.300Z
5.24,2026-09-01T04:54:58.596Z
1.23,2026-09-01T04:55:12.776Z
2.27,2026-09-01T04:55:24.508Z
1.24,2026-09-01T04:55:43.510Z
9.51,2026-09-01T04:55:58.519Z
4.08,2026-09-01T04:56:25.002Z
5.81,2026-09-01T04:56:37.813Z
2.87,2026-09-01T04:56:53.361Z
1.17,2026-09-01T04:57:17.705Z
7.07,2026-09-01T04:57:40.246Z
2.71,2026-09-01T04:57:58.436Z
1.90,2026-09-01T04:58:18.552Z
2.61,2026-09-01T04:58:40.384Z
1.08,2026-09-01T04:58:51.299Z
1.96,2026-09-01T04:59:06.211Z
6.33,2026-09-01T04:59:18.607Z
1.49,2026-09-01T04:59:31.415Z
10.04,2026-09-01T04:59:48.588Z
3.87,2026-09-01T05:00:16.740Z
1.72,2026-09-01T05:00:32.426Z
1.21,2026-09-01T05:00:54.497Z
1.23,2026-09-01T05:01:06.053Z
1.34,2026-09-01T05:01:14.348Z
3.61,2026-09-01T05:01:30.095Z
13.46,2026-09-01T05:01:56.350Z
1.60,2026-09-01T05:02:09.980Z
1.44,2026-09-01T05:02:18.258Z
3.33,2026-09-01T05:02:40.276Z
4.83,2026-09-01T05:02:54.831Z
1.01,2026-09-01T05:03:05.417Z
1.36,2026-09-01T05:03:20.895Z
11.73,2026-09-01T05:03:33.232Z
5.88,2026-09-01T05:03:55.734Z
1.14,2026-09-01T05:04:17.860Z
2.07,2026-09-01T05:04:29.273Z
6.56,2026-09-01T05:04:40.372Z
1.02,2026-09-01T05:04:50.252Z
3.08,2026-09-01T05:05:14.491Z
1.10,2026-09-01T05:05:23.408Z
1.46,2026-09-01T05:05:39.409Z
2.16,2026-09-01T05:06:07.068Z
2.37,2026-09-01T05:06:15.348Z
5.82,2026-09-01T05:06:26.125Z
4.51,2026-09-01T05:06:42.172Z
2.32,2026-09-01T05:07:06.433Z
54.51,2026-09-01T05:07:21.383Z
2.58,2026-09-01T05:07:36.826Z
15.36,2026-09-01T05:07:47.423Z
2.23,2026-09-01T05:07:57.078Z
3.11,2026-09-01T05:08:12.973Z
2.07,2026-09-01T05:08:29.807Z
1.54,2026-09-01T05:08:56.743Z
3.40,2026-09-01T05:09:08.625Z
1.95,2026-09-01T05:09:36.708Z
1.01,2026-09-01T05:09:59.818Z
1.12,2026-09-01T05:10:12.400Z
1.93,2026-09-01T05:10:36.780Z
1.64,2026-09-01T05:10:55.713Z
11.09,2026-09-01T05:11:04.517Z
7.52,2026-09-01T05:11:29.133Z
1.63,2026-09-01T05:11:51.415Z
1.52,2026-09-01T05:12:07.806Z
1.82,2026-09-01T05:12:27.914Z
3.92,2026-09-01T05:12:48.204Z
1.54,2026-09-01T05:13:05.741Z
31.91,2026-09-01T05:13:17.821Z
1.00,2026-09-01T05:13:39.894Z
14.27,2026-09-01T05:13:56.766Z
2.02,2026-09-01T05:14:11.659Z
1.00,2026-09-01T05:14:21.414Z
1.42,2026-09-01T05:14:39.424Z
1.28,2026-09-01T05:15:00.828Z
1.63,2026-09-01T05:15:09.459Z
3.35,2026-09-01T05:15:22.456Z
1.31,2026-09-01T05:15:50.998Z
1.71,2026-09-01T05:16:07.390Z
12.39,2026-09-01T05:16:15.674Z
15.05,2026-09-01T05:16:34.904Z
1.64,2026-09-01T05:16:43.414Z
1.19,2026-09-01T05:16:59.853Z
2.62,2026-09-01T05:17:15.433Z
85.25,2026-09-01T05:17:24.623Z
1.84,2026-09-01T05:17:40.931Z
12.27,2026-09-01T05:18:02.769Z
2.77,2026-09-01T05:18:15.428Z
2.46,2026-09-01T05:18:32.837Z
1.54,2026-09-01T05:18:42.705Z
9.54,2026-09-01T05:19:06.861Z
1.52,2026-09-01T05:19:17.461Z
1.00,2026-09-01T05:19:43.135Z
2.08,2026-09-01T05:20:02.301Z
4.29,2026-09-01T05:20:15.457Z
2.23,2026-09-01T05:20:25.119Z
2.71,2026-09-01T05:20:47.222Z
1.75,2026-09-01T05:21:11.239Z
1.00,2026-09-01T05:21:32.289Z
6.43,2026-09-01T05:22:00.074Z
5.51,2026-09-01T05:22:24.857Z
2.28,2026-09-01T05:22:43.102Z
13.46,2026-09-01T05:22:57.280Z
1.49,2026-09-01T05:23:14.547Z
105.75,2026-09-01T05:23:35.629Z
1.38,2026-09-01T05:23:59.325Z
1.79,2026-09-01T05:24:26.204Z
1.02,2026-09-01T05:24:47.550Z
1.77,2026-09-01T05:25:17.451Z
3.33,2026-09-01T05:25:42.351Z
3.59,2026-09-01T05:26:09.002Z
1.73,2026-09-01T05:26:25.310Z
1.08,2026-09-01T05:26:39.292Z
1.21,2026-09-01T05:26:57.682Z
1.01,2026-09-01T05:27:23.533Z
1.26,2026-09-01T05:27:45.538Z
2.46,2026-09-01T05:27:54.737Z
2.00,2026-09-01T05:28:11.400Z
1.62,2026-09-01T05:28:37.162Z
1.41,2026-09-01T05:28:53.933Z
2.60,2026-09-01T05:29:18.075Z
5.21,2026-09-01T05:29:40.945Z
31.09,2026-09-01T05:30:00.589Z
3.67,2026-09-01T05:30:24.636Z
44.04,2026-09-01T05:30:45.316Z
2.48,2026-09-01T05:31:06.282Z
1.44,2026-09-01T05:31:17.698Z
60.70,2026-09-01T05:31:41.578Z
1.27,2026-09-01T05:31:59.194Z
1.41,2026-09-01T05:32:23.619Z
5.39,2026-09-01T05:32:43.627Z
1.04,2026-09-01T05:33:13.428Z
1.71,2026-09-01T05:33:27.482Z
1.83,2026-09-01T05:33:45.507Z
2.04,2026-09-01T05:34:04.333Z
2.75,2026-09-01T05:34:19.947Z
14.36,2026-09-01T05:34:39.749Z
1.94,2026-09-01T05:35:03.319Z
2.27,2026-09-01T05:35:16.861Z
1.08,2026-09-01T05:35:37.494Z
1.30,2026-09-01T05:36:05.261Z
1.24,2026-09-01T05:36:21.676Z
1.44,2026-09-01T05:36:46.896Z
1.33,2026-09-01T05:36:55.838Z
1.11,2026-09-01T05:37:09.553Z
3.06,2026-09-01T05:37:22.931Z
1.75,2026-09-01T05:37:31.497Z
1.03,2026-09-01T05:37:53.392Z
6.31,2026-09-01T05:38:03.946Z
5.50,2026-09-01T05:38:33.333Z
21.04,2026-09-01T05:38:48.258Z
11.32,2026-09-01T05:39:01.302Z
1.66,2026-09-01T05:39:26.111Z
2.95,2026-09-01T05:39:41.910Z
3.55,2026-09-01T05:39:56.964Z
1.13,2026-09-01T05:40:05.610Z
1.60,2026-09-01T05:40:34.216Z
8.26,2026-09-01T05:40:47.001Z
2.17,2026-09-01T05:41:12.663Z
1.44,2026-09-01T05:41:28.427Z
12.31,2026-09-01T05:41:43.963Z
1.46,2026-09-01T05:42:00.126Z
16.19,2026-09-01T05:42:13.075Z
1.60,2026-09-01T05:42:37.998Z
3.59,2026-09-01T05:42:50.753Z
1.82,2026-09-01T05:43:09.689Z
1.43,2026-09-01T05:43:29.508Z
1.81,2026-09-01T05:43:54.921Z
1.78,2026-09-01T05:44:20.898Z
1.34,2026-09-01T05:44:30.176Z
3.21,2026-09-01T05:44:51.198Z
10.74,2026-09-01T05:45:05.613Z
1.68,2026-09-01T05:45:25.231Z
3.02,2026-09-01T05:45:48.339Z
1.17,2026-09-01T05:46:13.132Z
2.15,2026-09-01T05:46:40.940Z
1.01,2026-09-01T05:46:50.183Z
1.73,2026-09-01T05:47:09.244Z
3.22,2026-09-01T05:47:24.185Z
6.44,2026-09-01T05:47:44.508Z
3.34,2026-09-01T05:47:52.875Z
1.60,2026-09-01T05:48:07.684Z
2.99,2026-09-01T05:48:33.940Z
49.41,2026-09-01T05:48:59.773Z
15.40,2026-09-01T05:49:29.487Z
6.65,2026-09-01T05:49:51.979Z
1.25,2026-09-01T05:50:04.445Z
1.91,2026-09-01T05:50:17.422Z
1.89,2026-09-01T05:50:29.580Z
5.86,2026-09-01T05:50:43.598Z
2.15,2026-09-01T05:51:00.424Z
2.59,2026-09-01T05:51:27.289Z
1.45,2026-09-01T05:51:46.657Z
14.51,2026-09-01T05:52:16.427Z
3.89,2026-09-01T05:52:45.799Z
1.07,2026-09-01T05:53:01.479Z
1.03,2026-09-01T05:53:21.072Z
6.47,2026-09-01T05:53:36.763Z
2.02,2026-09-01T05:53:54.180Z
4.50,2026-09-01T05:54:06.995Z
4.07,2026-09-01T05:54:31.679Z
1.30,2026-09-01T05:54:49.475Z
1.87,2026-09-01T05:55:01.782Z
3.93,2026-09-01T05:55:16.509Z
3.24,2026-09-01T05:55:35.218Z
2.44,2026-09-01T05:55:59.841Z
1.72,2026-09-01T05:56:12.497Z
1.05,2026-09-01T05:56:36.444Z
1.28,2026-09-01T05:56:46.951Z
4.05,2026-09-01T05:56:59.258Z
3.19,2026-09-01T05:57:14.961Z
1.02,2026-09-01T05:57:44.083Z
1.50,2026-09-01T05:57:54.672Z
6.30,2026-09-01T05:58:18.563Z
8.92,2026-09-01T05:58:38.477Z
1.69,2026-09-01T05:58:59.631Z
1.83,2026-09-01T05:59:26.889Z
3.55,2026-09-01T05:59:52.269Z
31.00,2026-09-01T06:00:03.909Z
2.84,2026-09-01T06:00:27.706Z
11.85,2026-09-01T06:00:53.798Z
3.85,2026-09-01T06:01:13.349Z
3.01,2026-09-01T06:01:32.889Z
7.80,2026-09-01T06:02:02.119Z
1.32,2026-09-01T06:02:13.449Z
1.04,2026-09-01T06:02:31.568Z
1.08,2026-09-01T06:02:44.823Z
1.84,2026-09-01T06:03:00.177Z
2.06,2026-09-01T06:03:13.895Z
5.67,2026-09-01T06:03:30.035Z
2.12,2026-09-01T06:03:47.702Z
12.62,2026-09-01T06:03:59.101Z
1.45,2026-09-01T06:04:25.081Z
5.15,2026-09-01T06:04:42.898Z
1.99,2026-09-01T06:05:06.432Z
1.59,2026-09-01T06:05:28.578Z
2.02,2026-09-01T06:05:44.534Z
4.64,2026-09-01T06:06:06.156Z
2.56,2026-09-01T06:06:33.995Z
1.13,2026-09-01T06:06:43.966Z
11.96,2026-09-01T06:06:53.202Z
1.70,2026-09-01T06:07:06.421Z
1.41,2026-09-01T06:07:29.740Z
1.19,2026-09-01T06:07:44.060Z
1.88,2026-09-01T06:07:52.654Z
1.11,2026-09-01T06:08:16.437Z
1.04,2026-09-01T06:08:25.213Z
1.00,2026-09-01T06:08:45.106Z
1.45,2026-09-01T06:09:02.879Z
1.23,2026-09-01T06:09:14.950Z
3.57,2026-09-01T06:09:26.136Z
1.41,2026-09-01T06:09:44.336Z
1.71,2026-09-01T06:10:03.223Z
1.74,2026-09-01T06:10:28.157Z
132.71,2026-09-01T06:10:37.020Z
25.97,2026-09-01T06:10:52.759Z
1.29,2026-09-01T06:11:03.224Z
44.91,2026-09-01T06:11:30.507Z
3.60,2026-09-01T06:11:48.020Z
1.52,2026-09-01T06:11:59.869Z
11.19,2026-09-01T06:12:10.741Z
1.09,2026-09-01T06:12:37.495Z
3.48,2026-09-01T06:12:50.742Z
10.17,2026-09-01T06:13:18.408Z
1.33,2026-09-01T06:13:38.044Z
1.29,2026-09-01T06:14:00.386Z
4.57,2026-09-01T06:14:19.992Z
1.83,2026-09-01T06:14:36.135Z
1.50,2026-09-01T06:14:56.032Z
1.63,2026-09-01T06:15:23.409Z
1.22,2026-09-01T06:15:50.848Z
2.02,2026-09-01T06:16:09.754Z
1.04,2026-09-01T06:16:31.174Z
1.28,2026-09-01T06:16:46.398Z
8.03,2026-09-01T06:17:02.719Z
1.02,2026-09-01T06:17:31.967Z
2.42,2026-09-01T06:17:52.951Z
1.29,2026-09-01T06:18:19.391Z
5.89,2026-09-01T06:18:43.363Z
13.99,2026-09-01T06:18:59.772Z
4.16,2026-09-01T06:19:23.316Z
1.69,2026-09-01T06:19:53.087Z
32.41,2026-09-01T06:20:01.916Z
19.57,2026-09-01T06:20:31.836Z
4.47,2026-09-01T06:20:42.916Z
1.96,2026-09-01T06:21:09.302Z
1.67,2026-09-01T06:21:33.099Z
29.85,2026-09-01T06:22:02.121Z
2.68,2026-09-01T06:22:11.334Z
1.59,2026-09-01T06:22:31.096Z
1.65,2026-09-01T06:22:55.688Z
1.01,2026-09-01T06:23:22.357Z
3.08,2026-09-01T06:23:34.667Z
4.71,2026-09-01T06:23:42.709Z
2.30,2026-09-01T06:24:02.745Z
5.02,2026-09-01T06:24:25.333Z
1.29,2026-09-01T06:24:47.644Z
1.30,2026-09-01T06:25:00.036Z
12.26,2026-09-01T06:25:15.181Z
5.99,2026-09-01T06:25:33.256Z
1.01,2026-09-01T06:25:51.790Z
2.19,2026-09-01T06:26:07.694Z
1.79,2026-09-01T06:26:25.753Z
4.54,2026-09-01T06:26:42.890Z
1.28,2026-09-01T06:27:03.026Z
2.28,2026-09-01T06:27:31.847Z
1.00,2026-09-01T06:27:59.611Z
6.39,2026-09-01T06:28:23.516Z
5.92,2026-09-01T06:28:39.632Z
3.52,2026-09-01T06:28:52.683Z
3.08,2026-09-01T06:29:14.501Z
2.43,2026-09-01T06:29:28.428Z
2.75,2026-09-01T06:29:43.127Z
1.72,2026-09-01T06:29:56.676Z
12.19,2026-09-01T06:30:09.764Z
1.21,2026-09-01T06:30:23.594Z
2.23,2026-09-01T06:30:48.150Z
1.01,2026-09-01T06:31:04.217Z
1.39,2026-09-01T06:31:30.033Z
1.38,2026-09-01T06:31:56.004Z
2.85,2026-09-01T06:32:23.991Z
4.19,2026-09-01T06:32:32.051Z
3.35,2026-09-01T06:32:51.954Z
1.88,2026-09-01T06:33:14.847Z
6.49,2026-09-01T06:33:28.262Z
2.01,2026-09-01T06:33:53.859Z
1.03,2026-09-01T06:34:15.367Z
1.72,2026-09-01T06:34:37.161Z
2.21,2026-09-01T06:34:56.326Z
1.00,2026-09-01T06:35:12.145Z
1.84,2026-09-01T06:35:29.647Z
1.27,2026-09-01T06:35:51.063Z
1.07,2026-09-01T06:36:07.806Z
2.15,2026-09-01T06:36:21.208Z
1.68,2026-09-01T06:36:33.343Z
1.08,2026-09-01T06:36:55.623Z
80.93,2026-09-01T06:37:06.157Z
6.94,2026-09-01T06:37:22.147Z
4.90,2026-09-01T06:37:46.794Z
58.69,2026-09-01T06:38:03.773Z
2.52,2026-09-01T06:38:16.431Z
2.95,2026-09-01T06:38:43.559Z
1.21,2026-09-01T06:38:54.302Z
1.28,2026-09-01T06:39:23.218Z
1.63,2026-09-01T06:39:40.708Z
2.29,2026-09-01T06:40:01.419Z
1.57,2026-09-01T06:40:12.110Z
1.48,2026-09-01T06:40:35.699Z
2.44,2026-09-01T06:41:05.192Z
1.31,2026-09-01T06:41:29.926Z
1.26,2026-09-01T06:41:50.733Z
1.10,2026-09-01T06:42:18.941Z
1.44,2026-09-01T06:42:35.525Z
7.59,2026-09-01T06:42:57.388Z
3.16,2026-09-01T06:43:21.275Z
72.28,2026-09-01T06:43:39.925Z
1.24,2026-09-01T06:43:57.952Z
1.34,2026-09-01T06:44:14.526Z
2.80,2026-09-01T06:44:44.452Z
5.65,2026-09-01T06:44:54.405Z
1.34,2026-09-01T06:45:07.883Z
1.26,2026-09-01T06:45:24.000Z
1.20,2026-09-01T06:45:35.585Z
1.28,2026-09-01T06:46:02.502Z
1.00,2026-09-01T06:46:26.931Z
1.20,2026-09-01T06:46:43.451Z
3.44,2026-09-01T06:47:06.431Z
1.69,2026-09-01T06:47:15.859Z
1.10,2026-09-01T06:47:41.717Z
1.34,2026-09-01T06:48:04.333Z
1.55,2026-09-01T06:48:17.849Z
1.48,2026-09-01T06:48:39.214Z
1.25,2026-09-01T06:49:03.849Z
1.33,2026-09-01T06:49:12.800Z
1.28,2026-09-01T06:49:30.557Z
16.23,2026-09-01T06:49:53.325Z
1.13,2026-09-01T06:50:20.188Z
1.21,2026-09-01T06:50:38.995Z
2.59,2026-09-01T06:51:08.346Z
1.27,2026-09-01T06:51:22.772Z
2.40,2026-09-01T06:51:41.632Z
2.89,2026-09-01T06:51:54.496Z
1.25,2026-09-01T06:52:04.066Z
1.00,2026-09-01T06:52:12.767Z
1.22,2026-09-01T06:52:40.241Z
1.32,2026-09-01T06:53:10.148Z
1.00,2026-09-01T06:53:26.034Z
1.08,2026-09-01T06:53:49.605Z
12.84,2026-09-01T06:54:17.603Z
5.51,2026-09-01T06:54:41.319Z
2.12,2026-09-01T06:54:52.618Z
1.78,2026-09-01T06:55:15.841Z
1.30,2026-09-01T06:55:39.732Z
16.42,2026-09-01T06:55:48.285Z
1.53,2026-09-01T06:56:15.547Z
1.70,2026-09-01T06:56:35.865Z
1.02,2026-09-01T06:56:50.474Z
4.25,2026-09-01T06:57:08.368Z
1.05,2026-09-01T06:57:36.785Z
3.10,2026-09-01T06:58:04.834Z
2.10,2026-09-01T06:58:22.789Z
8.58,2026-09-01T06:58:45.242Z
3.97,2026-09-01T06:58:55.336Z
1.10,2026-09-01T06:59:13.093Z
1.01,2026-09-01T06:59:31.206Z
1.39,2026-09-01T06:59:57.690Z
3.92,2026-09-01T07:00:10.334Z
1.00,2026-09-01T07:00:39.274Z
8.47,2026-09-01T07:01:04.619Z
1.21,2026-09-01T07:01:18.416Z
5.46,2026-09-01T07:01:33.022Z
1.49,2026-09-01T07:01:51.546Z
2.57,2026-09-01T07:02:07.373Z
1.29,2026-09-01T07:02:24.535Z
72.36,2026-09-01T07:02:47.707Z
1.10,2026-09-01T07:03:12.434Z
1.20,2026-09-01T07:03:42.228Z
6.26,2026-09-01T07:04:08.269Z
1.33,2026-09-01T07:04:18.206Z
1.52,2026-09-01T07:04:45.947Z
1.09,2026-09-01T07:05:15.527Z
1.00,2026-09-01T07:05:42.154Z
1.53,2026-09-01T07:05:52.997Z
1.00,2026-09-01T07:06:09.034Z
7.01,2026-09-01T07:06:27.672Z
4.41,2026-09-01T07:06:56.465Z
1.02,2026-09-01T07:07:15.551Z
1.00,2026-09-01T07:07:29.690Z
1.77,2026-09-01T07:07:51.956Z
3.15,2026-09-01T07:08:00.575Z
1.06,2026-09-01T07:08:13.940Z
2.17,2026-09-01T07:08:28.428Z
1.37,2026-09-01T07:08:48.008Z
2.36,2026-09-01T07:08:58.055Z
1.19,2026-09-01T07:09:25.400Z
1.23,2026-09-01T07:09:38.249Z
1.36,2026-09-01T07:09:57.115Z
17.85,2026-09-01T07:10:17.917Z
6.48,2026-09-01T07:10:43.534Z
1.12,2026-09-01T07:11:07.700Z
2.49,2026-09-01T07:11:28.158Z
1.58,2026-09-01T07:11:45.426Z
1.00,2026-09-01T07:11:56.803Z
15.64,2026-09-01T07:12:10.630Z
1.44,2026-09-01T07:12:37.200Z
1.64,2026-09-01T07:12:57.510Z
1.95,2026-09-01T07:13:22.944Z
3.37,2026-09-01T07:13:50.944Z
2.25,2026-09-01T07:14:13.584Z
1.00,2026-09-01T07:14:24.633Z
1.61,2026-09-01T07:14:52.649Z
1.38,2026-09-01T07:15:03.977Z
1.09,2026-09-01T07:15:18.988Z
3.92,2026-09-01T07:15:32.915Z
2.17,2026-09-01T07:16:02.198Z
1.20,2026-09-01T07:16:29.688Z
15.20,2026-09-01T07:16:37.846Z
3.15,2026-09-01T07:16:51.303Z
1.59,2026-09-01T07:17:08.263Z
1.21,2026-09-01T07:17:22.607Z
2.59,2026-09-01T07:17:43.345Z
1.11,2026-09-01T07:17:53.654Z
1.40,2026-09-01T07:18:18.612Z
1.00,2026-09-01T07:18:37.369Z
1.23,2026-09-01T07:18:51.431Z
1.02,2026-09-01T07:19:03.962Z
11.06,2026-09-01T07:19:29.373Z
1.25,2026-09-01T07:19:46.312Z
1.28,2026-09-01T07:20:10.477Z
1.59,2026-09-01T07:20:27.711Z
1.02,2026-09-01T07:20:46.183Z
3.63,2026-09-01T07:21:01.234Z
1.57,2026-09-01T07:21:16.453Z
1.73,2026-09-01T07:21:40.959Z
1.05,2026-09-01T07:22:07.561Z
1.19,2026-09-01T07:22:18.662Z
1.05,2026-09-01T07:22:47.614Z
1.02,2026-09-01T07:22:56.820Z
1.03,2026-09-01T07:23:19.295Z
4.49,2026-09-01T07:23:44.540Z
2.26,2026-09-01T07:24:11.557Z
1.21,2026-09-01T07:24:33.130Z
1.27,2026-09-01T07:25:01.829Z
1.00,2026-09-01T07:25:23.026Z
34.34,2026-09-01T07:25:47.636Z
1.52,2026-09-01T07:26:05.168Z
11.60,2026-09-01T07:26:28.491Z
3.36,2026-09-01T07:26:52.380Z
437.64,2026-09-01T07:27:10.171Z
3.48,2026-09-01T07:27:37.458Z
11.88,2026-09-01T07:28:02.633Z
1.37,2026-09-01T07:28:19.797Z
3.20,2026-09-01T07:28:33.119Z
1.43,2026-09-01T07:29:02.468Z
2.02,2026-09-01T07:29:25.901Z
3.42,2026-09-01T07:29:42.106Z
1.72,2026-09-01T07:30:07.323Z
1.00,2026-09-01T07:30:26.269Z
3.44,2026-09-01T07:30:49.333Z
1.92,2026-09-01T07:31:07.679Z
1.48,2026-09-01T07:31:22.423Z
2.26,2026-09-01T07:31:37.747Z
1.29,2026-09-01T07:32:06.472Z
2.25,2026-09-01T07:32:15.152Z
5.07,2026-09-01T07:32:25.138Z
1.33,2026-09-01T07:32:35.567Z
5.97,2026-09-01T07:32:59.168Z
1.49,2026-09-01T07:33:23.750Z
3.15,2026-09-01T07:33:48.956Z
2.99,2026-09-01T07:34:00.541Z
1.00,2026-09-01T07:34:19.522Z
1.01,2026-09-01T07:34:44.068Z
1.01,2026-09-01T07:34:55.169Z
2.20,2026-09-01T07:35:16.434Z
82.31,2026-09-01T07:35:33.912Z
1.73,2026-09-01T07:35:43.934Z
2.37,2026-09-01T07:35:54.283Z
2.35,2026-09-01T07:36:19.093Z
1.58,2026-09-01T07:36:40.526Z
1.25,2026-09-01T07:37:00.555Z
1.52,2026-09-01T07:37:22.423Z
10.22,2026-09-01T07:37:34.778Z
4.43,2026-09-01T07:38:02.429Z
14.86,2026-09-01T07:38:29.111Z
1.00,2026-09-01T07:38:50.354Z
1.00,2026-09-01T07:39:00.080Z
1.60,2026-09-01T07:39:20.722Z
1.74,2026-09-01T07:39:42.877Z
1.97,2026-09-01T07:39:54.166Z
7.12,2026-09-01T07:40:07.578Z
1.47,2026-09-01T07:40:36.854Z
16.19,2026-09-01T07:40:46.671Z
9.19,2026-09-01T07:41:06.952Z
2.01,2026-09-01T07:41:30.934Z
1.05,2026-09-01T07:41:48.552Z
1.93,2026-09-01T07:42:03.109Z
2.75,2026-09-01T07:42:20.687Z
1.90,2026-09-01T07:42:33.035Z
1.09,2026-09-01T07:42:45.755Z
2.63,2026-09-01T07:42:58.263Z
6.19,2026-09-01T07:43:07.947Z
1.16,2026-09-01T07:43:37.859Z
79.68,2026-09-01T07:44:01.278Z
1.03,2026-09-01T07:44:13.314Z
3.89,2026-09-01T07:44:38.421Z
1.48,2026-09-01T07:44:49.912Z
1.22,2026-09-01T07:45:08.217Z
5.44,2026-09-01T07:45:26.433Z
4.54,2026-09-01T07:45:45.424Z
6.33,2026-09-01T07:46:06.640Z
1.63,2026-09-01T07:46:30.722Z
1.58,2026-09-01T07:46:43.231Z
1.00,2026-09-01T07:47:04.215Z
1.44,2026-09-01T07:47:14.842Z
1.12,2026-09-01T07:47:31.936Z
2.38,2026-09-01T07:47:52.900Z
1.24,2026-09-01T07:48:20.035Z
2.86,2026-09-01T07:48:42.877Z
2.44,2026-09-01T07:49:02.999Z
2.37,2026-09-01T07:49:11.221Z
1.76,2026-09-01T07:49:25.729Z
1.61,2026-09-01T07:49:43.483Z
1.43,2026-09-01T07:49:58.687Z
6.99,2026-09-01T07:50:22.578Z
1.07,2026-09-01T07:50:48.318Z
2.01,2026-09-01T07:51:02.266Z
1.00,2026-09-01T07:51:29.942Z
1.81,2026-09-01T07:51:44.115Z
2.31,2026-09-01T07:52:07.240Z
1.99,2026-09-01T07:52:26.007Z
2.34,2026-09-01T07:52:43.770Z
1.28,2026-09-01T07:53:06.649Z
1.62,2026-09-01T07:53:14.741Z
8.66,2026-09-01T07:53:23.900Z
8.61,2026-09-01T07:53:52.375Z
3.38,2026-09-01T07:54:12.908Z
16.45,2026-09-01T07:54:34.913Z
1.34,2026-09-01T07:54:56.549Z
3.39,2026-09-01T07:55:21.754Z
1.86,2026-09-01T07:55:51.127Z
37.44,2026-09-01T07:56:11.646Z
1.02,2026-09-01T07:56:26.668Z
13.51,2026-09-01T07:56:36.051Z
2.25,2026-09-01T07:57:05.428Z
1.44,2026-09-01T07:57:18.177Z
1.49,2026-09-01T07:57:41.933Z
2.28,2026-09-01T07:57:57.670Z
1.14,2026-09-01T07:58:09.794Z
1.00,2026-09-01T07:58:39.006Z
4.91,2026-09-01T07:59:05.302Z
1.32,2026-09-01T07:59:24.555Z
1.06,2026-09-01T07:59:36.410Z
1.68,2026-09-01T07:59:51.497Z
1.12,2026-09-01T08:00:10.065Z
2.86,2026-09-01T08:00:31.465Z
1.34,2026-09-01T08:00:46.926Z
1.24,2026-09-01T08:01:12.345Z
1.27,2026-09-01T08:01:41.556Z
1.11,2026-09-01T08:02:03.991Z
1.29,2026-09-01T08:02:31.668Z
3.26,2026-09-01T08:02:53.437Z
1.23,2026-09-01T08:03:22.795Z
6.87,2026-09-01T08:03:44.440Z
5.50,2026-09-01T08:04:13.318Z
15.98,2026-09-01T08:04:23.912Z
1.55,2026-09-01T08:04:53.677Z
1.00,2026-09-01T08:05:04.983Z
1.00,2026-09-01T08:05:20.141Z
1.45,2026-09-01T08:05:49.195Z
1.92,2026-09-01T08:06:05.326Z
1.22,2026-09-01T08:06:34.556Z
2.15,2026-09-01T08:06:46.920Z
7.25,2026-09-01T08:07:13.289Z
5.32,2026-09-01T08:07:34.474Z
11.05,2026-09-01T08:07:46.049Z
1.62,2026-09-01T08:07:55.177Z
1.06,2026-09-01T08:08:15.912Z
1.27,2026-09-01T08:08:42.565Z
7.18,2026-09-01T08:09:09.080Z
1.80,2026-09-01T08:09:21.501Z
16.14,2026-09-01T08:09:50.607Z
4.36,2026-09-01T08:10:11.614Z
76.48,2026-09-01T08:10:35.289Z
1.64,2026-09-01T08:10:56.928Z
3.08,2026-09-01T08:11:26.870Z
70.30,2026-09-01T08:11:39.561Z
3.05,2026-09-01T08:11:48.777Z
1.22,2026-09-01T08:12:07.053Z
1.11,2026-09-01T08:12:22.252Z
1.99,2026-09-01T08:12:46.843Z
1.80,2026-09-01T08:13:12.195Z
1.29,2026-09-01T08:13:29.420Z
1.44,2026-09-01T08:13:46.081Z
2.08,2026-09-01T08:14:05.717Z
2.81,2026-09-01T08:14:31.081Z
1.17,2026-09-01T08:14:43.056Z
1.28,2026-09-01T08:14:52.239Z
11.43,2026-09-01T08:15:02.129Z
2.73,2026-09-01T08:15:26.992Z
1.09,2026-09-01T08:15:43.811Z
1.32,2026-09-01T08:16:08.787Z
1.39,2026-09-01T08:16:35.203Z
4.36,2026-09-01T08:16:55.373Z
5.92,2026-09-01T08:17:04.259Z
1.20,2026-09-01T08:17:30.405Z
7.98,2026-09-01T08:17:46.798Z
24.25,2026-09-01T08:17:55.900Z
2.20,2026-09-01T08:18:09.227Z
1.50,2026-09-01T08:18:19.295Z
2.01,2026-09-01T08:18:36.451Z
3.17,2026-09-01T08:18:52.596Z
1.04,2026-09-01T08:19:03.914Z
5.52,2026-09-01T08:19:14.409Z
6730.99,2026-09-01T08:19:38.168Z
1.20,2026-09-01T08:19:58.066Z
3.00,2026-09-01T08:20:25.554Z
1.00,2026-09-01T08:20:54.970Z
2.28,2026-09-01T08:21:09.620Z
2.27,2026-09-01T08:21:38.466Z
1.04,2026-09-01T08:22:02.118Z
1.25,2026-09-01T08:22:17.366Z
1.16,2026-09-01T08:22:42.150Z
1.13,2026-09-01T08:22:59.286Z
2.27,2026-09-01T08:23:28.928Z
1.91,2026-09-01T08:23:48.558Z
1.80,2026-09-01T08:24:13.248Z
1.44,2026-09-01T08:24:21.811Z
2.85,2026-09-01T08:24:43.051Z
4.23,2026-09-01T08:24:54.344Z
2.03,2026-09-01T08:25:21.410Z
103.48,2026-09-01T08:25:29.593Z
6.91,2026-09-01T08:25:37.990Z
1.00,2026-09-01T08:25:50.903Z
4.18,2026-09-01T08:26:16.505Z
1.85,2026-09-01T08:26:28.541Z
4.19,2026-09-01T08:26:57.006Z
5.67,2026-09-01T08:27:26.881Z
1.49,2026-09-01T08:27:53.412Z
8.51,2026-09-01T08:28:07.444Z
1.06,2026-09-01T08:28:30.501Z
2.90,2026-09-01T08:28:53.549Z
1.19,2026-09-01T08:29:21.491Z
1.17,2026-09-01T08:29:42.578Z
82.40,2026-09-01T08:29:54.689Z
8.87,2026-09-01T08:30:15.400Z
2.77,2026-09-01T08:30:28.046Z
3.67,2026-09-01T08:30:44.958Z
3.37,2026-09-01T08:31:11.103Z
1.76,2026-09-01T08:31:40.684Z
2.54,2026-09-01T08:32:09.175Z
3.66,2026-09-01T08:32:34.507Z
6.76,2026-09-01T08:32:59.338Z
1.03,2026-09-01T08:33:24.565Z
1.03,2026-09-01T08:33:36.017Z
1.97,2026-09-01T08:33:52.461Z
1.14,2026-09-01T08:34:01.016Z
25.88,2026-09-01T08:34:25.810Z
1.19,2026-09-01T08:34:46.643Z
2.28,2026-09-01T08:35:12.373Z
5.83,2026-09-01T08:35:36.408Z
1.21,2026-09-01T08:36:01.638Z
5.58,2026-09-01T08:36:22.062Z
1.00,2026-09-01T08:36:47.754Z
1.08,2026-09-01T08:37:14.884Z
5.19,2026-09-01T08:37:40.286Z
1.36,2026-09-01T08:37:50.247Z
3.42,2026-09-01T08:38:14.448Z
1.57,2026-09-01T08:38:30.183Z
3.39,2026-09-01T08:38:43.333Z
2.01,2026-09-01T08:39:04.150Z
3.36,2026-09-01T08:39:31.890Z
4.24,2026-09-01T08:39:52.854Z
4.01,2026-09-01T08:40:05.373Z
1.68,2026-09-01T08:40:19.583Z
1.00,2026-09-01T08:40:34.750Z
1.19,2026-09-01T08:41:00.478Z
5.73,2026-09-01T08:41:19.739Z
1.84,2026-09-01T08:41:42.387Z
4.47,2026-09-01T08:41:59.492Z
1.41,2026-09-01T08:42:23.201Z
1.41,2026-09-01T08:42:31.994Z
1.19,2026-09-01T08:42:57.491Z
1.20,2026-09-01T08:43:26.636Z
10.59,2026-09-01T08:43:34.714Z
3.86,2026-09-01T08:43:48.870Z
1.13,2026-09-01T08:44:09.966Z
2.75,2026-09-01T08:44:21.860Z
29.99,2026-09-01T08:44:46.792Z
1.64,2026-09-01T08:45:01.638Z
6.06,2026-09-01T08:45:12.061Z
1.95,2026-09-01T08:45:28.130Z
2.34,2026-09-01T08:45:36.510Z
3.80,2026-09-01T08:45:55.303Z
3.91,2026-09-01T08:46:20.544Z
1.82,2026-09-01T08:46:34.499Z
4.05,2026-09-01T08:47:02.275Z
4.75,2026-09-01T08:47:17.050Z
35.93,2026-09-01T08:47:30.224Z
1.24,2026-09-01T08:47:54.220Z
1.51,2026-09-01T08:48:03.398Z
10.60,2026-09-01T08:48:11.727Z
1.07,2026-09-01T08:48:35.705Z
1.84,2026-09-01T08:48:44.895Z
1.04,2026-09-01T08:49:00.189Z
1.27,2026-09-01T08:49:08.453Z
1.12,2026-09-01T08:49:32.424Z
3.44,2026-09-01T08:49:46.135Z
1.76,2026-09-01T08:50:04.961Z
1.12,2026-09-01T08:50:32.986Z
1.30,2026-09-01T08:50:48.359Z
1.36,2026-09-01T08:51:16.507Z
11.17,2026-09-01T08:51:29.574Z
1.62,2026-09-01T08:51:50.350Z
23.34,2026-09-01T08:52:09.987Z
1.71,2026-09-01T08:52:22.287Z
2.30,2026-09-01T08:52:31.645Z
3.32,2026-09-01T08:52:53.624Z
1.38,2026-09-01T08:53:21.899Z
1.08,2026-09-01T08:53:33.609Z
5.46,2026-09-01T08:53:54.447Z
1.64,2026-09-01T08:54:16.347Z
1.14,2026-09-01T08:54:44.342Z
1.30,2026-09-01T08:55:08.702Z
1.30,2026-09-01T08:55:32.430Z
1.34,2026-09-01T08:55:55.778Z
1.00,2026-09-01T08:56:08.405Z
1.56,2026-09-01T08:56:21.145Z
2.83,2026-09-01T08:56:34.328Z
1.58,2026-09-01T08:56:44.460Z
2.08,2026-09-01T08:56:52.620Z
1.27,2026-09-01T08:57:21.481Z
2.40,2026-09-01T08:57:32.738Z
1.00,2026-09-01T08:57:53.421Z
19.57,2026-09-01T08:58:11.917Z
1.05,2026-09-01T08:58:21.848Z
1.47,2026-09-01T08:58:48.528Z
1.82,2026-09-01T08:58:58.692Z
1.07,2026-09-01T08:59:09.479Z
2.70,2026-09-01T08:59:39.114Z
2.62,2026-09-01T08:59:54.165Z
4.05,2026-09-01T09:00:23.989Z
1.71,2026-09-01T09:00:39.377Z
17.38,2026-09-01T09:01:07.035Z
5.53,2026-09-01T09:01:18.463Z
2.53,2026-09-01T09:01:46.841Z
1.37,2026-09-01T09:01:59.554Z
1.44,2026-09-01T09:02:18.037Z
2.88,2026-09-01T09:02:43.819Z
44.99,2026-09-01T09:03:02.574Z
1.90,2026-09-01T09:03:16.997Z
3.04,2026-09-01T09:03:44.229Z
1.00,2026-09-01T09:04:07.372Z
17.02,2026-09-01T09:04:26.401Z
1.47,2026-09-01T09:04:53.041Z
1.43,2026-09-01T09:05:21.612Z
1.00,2026-09-01T09:05:39.536Z
1.05,2026-09-01T09:05:52.229Z
5.23,2026-09-01T09:06:00.474Z
20.23,2026-09-01T09:06:30.260Z
1.56,2026-09-01T09:06:56.024Z
2.14,2026-09-01T09:07:06.584Z
21.28,2026-09-01T09:07:29.957Z
1.58,2026-09-01T09:07:56.721Z
10.13,2026-09-01T09:08:18.748Z
1.38,2026-09-01T09:08:32.270Z
68.16,2026-09-01T09:08:42.092Z
1.50,2026-09-01T09:09:07.781Z
1.00,2026-09-01T09:09:34.457Z
2.62,2026-09-01T09:10:03.173Z
3.70,2026-09-01T09:10:21.642Z
10.40,2026-09-01T09:10:42.801Z
15.56,2026-09-01T09:10:56.473Z
2.34,2026-09-01T09:11:06.724Z
1.24,2026-09-01T09:11:17.056Z
3.93,2026-09-01T09:11:30.530Z
2.93,2026-09-01T09:11:44.047Z
4.40,2026-09-01T09:12:04.730Z
1.28,2026-09-01T09:12:23.221Z
1.57,2026-09-01T09:12:34.874Z
8.28,2026-09-01T09:12:46.166Z
1.03,2026-09-01T09:12:58.341Z
1.27,2026-09-01T09:13:08.082Z
1.51,2026-09-01T09:13:35.554Z
5.48,2026-09-01T09:13:52.468Z
1.00,2026-09-01T09:14:13.905Z
1.41,2026-09-01T09:14:26.656Z
1.29,2026-09-01T09:14:40.223Z
8.39,2026-09-01T09:15:04.463Z
6.56,2026-09-01T09:15:15.291Z
1.68,2026-09-01T09:15:28.276Z
1.65,2026-09-01T09:15:36.362Z
1.86,2026-09-01T09:16:01.425Z
7.71,2026-09-01T09:16:11.083Z
161.50,2026-09-01T09:16:21.787Z
2.69,2026-09-01T09:16:40.387Z
1.00,2026-09-01T09:17:02.717Z
1.24,2026-09-01T09:17:10.878Z
5.25,2026-09-01T09:17:33.775Z
2.00,2026-09-01T09:17:59.160Z
1.04,2026-09-01T09:18:13.210Z
6.10,2026-09-01T09:18:25.998Z
3.06,2026-09-01T09:18:38.030Z
1.00,2026-09-01T09:18:57.781Z
2.81,2026-09-01T09:19:26.326Z
1.12,2026-09-01T09:19:42.288Z
1.29,2026-09-01T09:20:10.743Z
4.76,2026-09-01T09:20:27.877Z
1.97,2026-09-01T09:20:37.633Z
1.12,2026-09-01T09:20:55.507Z
2.48,2026-09-01T09:21:18.827Z
1.13,2026-09-01T09:21:28.913Z
6.78,2026-09-01T09:21:42.143Z
10.06,2026-09-01T09:21:55.269Z
4.97,2026-09-01T09:22:19.396Z
1.61,2026-09-01T09:22:28.208Z
1.12,2026-09-01T09:22:56.235Z
1.00,2026-09-01T09:23:25.180Z
1.02,2026-09-01T09:23:46.397Z
5.15,2026-09-01T09:24:15.636Z
4.03,2026-09-01T09:24:44.838Z
2.37,2026-09-01T09:24:58.997Z
1.36,2026-09-01T09:25:15.450Z
1.73,2026-09-01T09:25:37.057Z
1.12,2026-09-01T09:25:53.382Z
14.78,2026-09-01T09:26:17.513Z
1.74,2026-09-01T09:26:45.189Z
1.00,2026-09-01T09:27:10.447Z
1.00,2026-09-01T09:27:38.670Z
2.14,2026-09-01T09:28:06.531Z
2.82,2026-09-01T09:28:34.105Z
7.72,2026-09-01T09:29:02.340Z
2.91,2026-09-01T09:29:19.969Z
2.62,2026-09-01T09:29:44.065Z
2.22,2026-09-01T09:30:00.556Z
1.18,2026-09-01T09:30:26.845Z
2.82,2026-09-01T09:30:54.499Z
1.23,2026-09-01T09:31:18.013Z
1.63,2026-09-01T09:31:27.096Z
3.72,2026-09-01T09:31:51.123Z
1.14,2026-09-01T09:32:05.445Z
4.59,2026-09-01T09:32:22.959Z
2.65,2026-09-01T09:32:37.036Z
5.94,2026-09-01T09:32:50.230Z
1.63,2026-09-01T09:33:16.570Z
62.07,2026-09-01T09:33:41.545Z
2.18,2026-09-01T09:34:03.514Z
4.37,2026-09-01T09:34:11.884Z
1.58,2026-09-01T09:34:39.552Z
2.30,2026-09-01T09:34:48.538Z
1.34,2026-09-01T09:34:59.898Z
2.02,2026-09-01T09:35:14.750Z
53.98,2026-09-01T09:35:28.541Z
1.07,2026-09-01T09:35:51.026Z
1.12,2026-09-01T09:36:19.324Z
1.44,2026-09-01T09:36:35.787Z
1.14,2026-09-01T09:36:43.799Z
1.43,2026-09-01T09:37:11.881Z
1.48,2026-09-01T09:37:31.598Z
3.80,2026-09-01T09:37:51.353Z
2.80,2026-09-01T09:38:11.699Z
4.59,2026-09-01T09:38:34.829Z
6.86,2026-09-01T09:38:53.075Z
1.36,2026-09-01T09:39:14.271Z
1.01,2026-09-01T09:39:24.033Z
2.09,2026-09-01T09:39:41.643Z
1.24,2026-09-01T09:40:11.176Z
1.84,2026-09-01T09:40:35.865Z
1.00,2026-09-01T09:41:03.277Z
10.35,2026-09-01T09:41:27.734Z
1.53,2026-09-01T09:41:57.532Z
1.00,2026-09-01T09:42:21.141Z
1.10,2026-09-01T09:42:41.303Z
1.58,2026-09-01T09:42:51.066Z
7.28,2026-09-01T09:43:01.032Z
1.25,2026-09-01T09:43:23.084Z
3.34,2026-09-01T09:43:46.506Z
5.28,2026-09-01T09:43:57.682Z
1.45,2026-09-01T09:44:13.083Z
14.81,2026-09-01T09:44:37.770Z
2.36,2026-09-01T09:45:05.186Z
1.12,2026-09-01T09:45:32.961Z
2.67,2026-09-01T09:45:55.218Z
3.06,2026-09-01T09:46:13.572Z
1.76,2026-09-01T09:46:41.657Z
1.00,2026-09-01T09:47:05.822Z
2.01,2026-09-01T09:47:14.333Z
1.41,2026-09-01T09:47:26.607Z
7.48,2026-09-01T09:47:52.608Z
1.10,2026-09-01T09:48:19.980Z
3.61,2026-09-01T09:48:43.304Z
31.05,2026-09-01T09:49:04.314Z
8.76,2026-09-01T09:49:12.805Z
2.26,2026-09-01T09:49:25.902Z
1.25,2026-09-01T09:49:51.145Z
1.97,2026-09-01T09:50:17.295Z
2.05,2026-09-01T09:50:34.594Z
2.51,2026-09-01T09:50:50.679Z
2.89,2026-09-01T09:51:02.323Z
4.34,2026-09-01T09:51:23.086Z
1.93,2026-09-01T09:51:43.787Z
1.23,2026-09-01T09:51:55.648Z
2.58,2026-09-01T09:52:24.559Z
4.07,2026-09-01T09:52:35.930Z
60.01,2026-09-01T09:52:50.706Z
1.72,2026-09-01T09:53:02.541Z
3.51,2026-09-01T09:53:19.079Z
2.59,2026-09-01T09:53:46.070Z
1.08,2026-09-01T09:54:08.409Z
3.05,2026-09-01T09:54:19.877Z
1.17,2026-09-01T09:54:30.322Z
1.24,2026-09-01T09:54:45.092Z
2.90,2026-09-01T09:55:08.834Z
3.08,2026-09-01T09:55:32.130Z
1.14,2026-09-01T09:55:53.157Z
1.60,2026-09-01T09:56:13.847Z
2.63,2026-09-01T09:56:27.091Z
1.14,2026-09-01T09:56:37.360Z
8.32,2026-09-01T09:57:01.290Z
1.02,2026-09-01T09:57:10.435Z
1.00,2026-09-01T09:57:21.496Z
2.84,2026-09-01T09:57:36.220Z
8.00,2026-09-01T09:58:01.567Z
1.20,2026-09-01T09:58:25.397Z
2.77,2026-09-01T09:58:53.698Z
1.14,2026-09-01T09:59:05.224Z
1.36,2026-09-01T09:59:23.998Z
1.04,2026-09-01T09:59:45.331Z
2.06,2026-09-01T10:00:14.315Z
1.40,2026-09-01T10:00:27.687Z
3.71,2026-09-01T10:00:38.527Z
30.66,2026-09-01T10:00:54.837Z
1.34,2026-09-01T10:01:06.893Z
1.15,2026-09-01T10:01:22.476Z
1.68,2026-09-01T10:01:39.105Z
2.82,2026-09-01T10:02:04.284Z
2.47,2026-09-01T10:02:23.723Z
1.44,2026-09-01T10:02:47.982Z
1.70,2026-09-01T10:03:12.250Z
1.41,2026-09-01T10:03:39.012Z
6.37,2026-09-01T10:04:03.498Z
1.12,2026-09-01T10:04:12.286Z
7.59,2026-09-01T10:04:35.229Z
1.18,2026-09-01T10:04:47.855Z
13.81,2026-09-01T10:05:02.339Z
1.23,2026-09-01T10:05:10.714Z
1.09,2026-09-01T10:05:28.450Z
1.00,2026-09-01T10:05:48.457Z
1.52,2026-09-01T10:05:56.588Z
8.13,2026-09-01T10:06:16.765Z
2.60,2026-09-01T10:06:27.261Z
1.46,2026-09-01T10:06:52.059Z
1.26,2026-09-01T10:07:18.325Z
2.60,2026-09-01T10:07:30.112Z
1.29,2026-09-01T10:07:51.224Z
4.62,2026-09-01T10:08:05.232Z
4.36,2026-09-01T10:08:15.227Z
1.92,2026-09-01T10:08:41.105Z
1.01,2026-09-01T10:08:54.781Z
1.54,2026-09-01T10:09:09.426Z
5.77,2026-09-01T10:09:38.088Z
1.61,2026-09-01T10:10:00.574Z
1.15,2026-09-01T10:10:11.934Z
22.03,2026-09-01T10:10:40.485Z
1.74,2026-09-01T10:11:08.326Z
3.73,2026-09-01T10:11:30.946Z
1.17,2026-09-01T10:11:59.375Z
2.50,2026-09-01T10:12:11.048Z
1.31,2026-09-01T10:12:19.977Z
1.60,2026-09-01T10:12:28.002Z
1.63,2026-09-01T10:12:38.986Z
293.05,2026-09-01T10:12:55.655Z
5.14,2026-09-01T10:13:21.343Z
6.66,2026-09-01T10:13:32.371Z
20.79,2026-09-01T10:13:49.770Z
1.55,2026-09-01T10:14:01.422Z
1.62,2026-09-01T10:14:20.815Z
2.60,2026-09-01T10:14:48.399Z
1.90,2026-09-01T10:15:08.997Z
1.51,2026-09-01T10:15:36.049Z
1.58,2026-09-01T10:16:00.645Z
207.03,2026-09-01T10:16:12.168Z
2.91,2026-09-01T10:16:28.433Z
2.67,2026-09-01T10:16:56.300Z
6.23,2026-09-01T10:17:05.112Z
12.70,2026-09-01T10:17:26.102Z
1.24,2026-09-01T10:17:53.544Z
1.45,2026-09-01T10:18:08.355Z
2.05,2026-09-01T10:18:38.178Z
2.08,2026-09-01T10:19:01.605Z
2.78,2026-09-01T10:19:26.402Z
1.31,2026-09-01T10:19:41.392Z
3.00,2026-09-01T10:19:55.870Z
8.23,2026-09-01T10:20:06.450Z
1.36,2026-09-01T10:20:25.158Z
1.13,2026-09-01T10:20:41.487Z
2.08,2026-09-01T10:21:00.618Z
3.36,2026-09-01T10:21:20.806Z
1.37,2026-09-01T10:21:39.560Z
1.32,2026-09-01T10:22:04.992Z
1.18,2026-09-01T10:22:17.007Z
1.30,2026-09-01T10:22:42.916Z
37.59,2026-09-01T10:23:08.800Z
4.30,2026-09-01T10:23:27.392Z
1.07,2026-09-01T10:23:43.902Z
1.63,2026-09-01T10:23:52.870Z
5.70,2026-09-01T10:24:10.241Z
5.14,2026-09-01T10:24:20.907Z
4.65,2026-09-01T10:24:40.011Z
1.07,2026-09-01T10:25:02.939Z
1.04,2026-09-01T10:25:18.097Z
4.49,2026-09-01T10:25:35.704Z
2.19,2026-09-01T10:25:47.196Z
2.78,2026-09-01T10:26:09.347Z
3.27,2026-09-01T10:26:29.530Z
1.32,2026-09-01T10:26:56.158Z
6.36,2026-09-01T10:27:10.681Z
5.48,2026-09-01T10:27:23.570Z
5.50,2026-09-01T10:27:32.596Z
2.98,2026-09-01T10:27:46.930Z
1.11,2026-09-01T10:28:14.436Z
1.08,2026-09-01T10:28:41.101Z
6.05,2026-09-01T10:28:59.322Z
1.13,2026-09-01T10:29:12.531Z
1.17,2026-09-01T10:29:25.316Z
6.30,2026-09-01T10:29:44.768Z
9.88,2026-09-01T10:30:08.631Z
1.09,2026-09-01T10:30:23.215Z
1.26,2026-09-01T10:30:53.121Z
1.18,2026-09-01T10:31:23.068Z
16.19,2026-09-01T10:31:39.164Z
1.83,2026-09-01T10:31:51.831Z
1.37,2026-09-01T10:32:17.904Z
4.72,2026-09-01T10:32:32.293Z
1.76,2026-09-01T10:32:40.948Z
6.24,2026-09-01T10:33:02.863Z
72.06,2026-09-01T10:33:17.551Z
1.90,2026-09-01T10:33:39.000Z
1.69,2026-09-01T10:34:06.634Z
2.04,2026-09-01T10:34:35.136Z
1.02,2026-09-01T10:34:56.188Z
1.08,2026-09-01T10:35:25.559Z
6.42,2026-09-01T10:35:34.266Z
12.87,2026-09-01T10:35:50.998Z
1.13,2026-09-01T10:36:03.182Z
5.92,2026-09-01T10:36:15.380Z
1.46,2026-09-01T10:36:43.480Z
1.02,2026-09-01T10:36:55.939Z
1.63,2026-09-01T10:37:05.770Z
1.42,2026-09-01T10:37:17.062Z
1.03,2026-09-01T10:37:28.181Z
2.64,2026-09-01T10:37:46.447Z
1.00,2026-09-01T10:38:02.142Z
8.49,2026-09-01T10:38:26.843Z
2.98,2026-09-01T10:38:43.949Z
1.37,2026-09-01T10:39:06.119Z
1.40,2026-09-01T10:39:14.509Z
2.17,2026-09-01T10:39:27.801Z
1.66,2026-09-01T10:39:37.956Z
1.80,2026-09-01T10:39:56.068Z
1.69,2026-09-01T10:40:11.078Z
1.45,2026-09-01T10:40:27.000Z
4.59,2026-09-01T10:40:50.161Z
1.77,2026-09-01T10:41:20.003Z
1.47,2026-09-01T10:41:31.641Z
1.24,2026-09-01T10:41:51.303Z
7.15,2026-09-01T10:42:05.877Z
3.51,2026-09-01T10:42:32.511Z
3.23,2026-09-01T10:42:45.345Z
1.90,2026-09-01T10:42:58.586Z
2.65,2026-09-01T10:43:23.351Z
1.83,2026-09-01T10:43:50.194Z
1.13,2026-09-01T10:44:00.159Z
1.11,2026-09-01T10:44:13.392Z
19.41,2026-09-01T10:44:37.624Z
45.25,2026-09-01T10:44:53.943Z
2.84,2026-09-01T10:45:22.610Z
1.50,2026-09-01T10:45:43.109Z
1.36,2026-09-01T10:46:06.630Z
6.26,2026-09-01T10:46:35.917Z
2.54,2026-09-01T10:46:53.397Z
2.96,2026-09-01T10:47:12.021Z
1.98,2026-09-01T10:47:34.483Z
18.35,2026-09-01T10:47:47.098Z
1.71,2026-09-01T10:48:16.375Z
10.08,2026-09-01T10:48:28.881Z
2.55,2026-09-01T10:48:52.653Z
16.42,2026-09-01T10:49:22.605Z
1.17,2026-09-01T10:49:45.559Z
1.63,2026-09-01T10:50:03.335Z
1.00,2026-09-01T10:50:28.631Z
1.39,2026-09-01T10:50:44.043Z
1.76,2026-09-01T10:50:56.024Z
1.00,2026-09-01T10:51:07.664Z
6.04,2026-09-01T10:51:33.906Z
5.76,2026-09-01T10:51:50.745Z
1.06,2026-09-01T10:51:59.583Z
1.38,2026-09-01T10:52:18.888Z
2.22,2026-09-01T10:52:29.206Z
1.09,2026-09-01T10:52:41.360Z
1.01,2026-09-01T10:53:10.369Z
1.48,2026-09-01T10:53:32.333Z
1.62,2026-09-01T10:53:43.635Z
4.27,2026-09-01T10:53:54.978Z
1.40,2026-09-01T10:54:23.906Z
1.22,2026-09-01T10:54:40.640Z
1.00,2026-09-01T10:54:55.351Z
3.32,2026-09-01T10:55:20.954Z
26.27,2026-09-01T10:55:43.981Z
1.31,2026-09-01T10:56:06.237Z
1.19,2026-09-01T10:56:24.433Z
1.83,2026-09-01T10:56:47.214Z
6.00,2026-09-01T10:57:15.485Z
2.80,2026-09-01T10:57:32.335Z
6.04,2026-09-01T10:57:52.565Z
7.14,2026-09-01T10:58:04.118Z
1.26,2026-09-01T10:58:24.755Z
1.92,2026-09-01T10:58:45.291Z
1.10,2026-09-01T10:58:54.117Z
1.17,2026-09-01T10:59:16.229Z
6.64,2026-09-01T10:59:29.364Z
1.41,2026-09-01T10:59:50.233Z
1.22,2026-09-01T11:00:10.836Z
2.78,2026-09-01T11:00:34.025Z
2.46,2026-09-01T11:00:56.380Z
8.94,2026-09-01T11:01:21.320Z
2.14,2026-09-01T11:01:29.866Z
3.61,2026-09-01T11:01:39.519Z
1.79,2026-09-01T11:01:48.771Z
20.16,2026-09-01T11:02:09.592Z
3.67,2026-09-01T11:02:38.400Z
2.48,2026-09-01T11:02:46.703Z
1.54,2026-09-01T11:03:06.966Z
1.08,2026-09-01T11:03:33.224Z
1.93,2026-09-01T11:03:58.626Z
1.58,2026-09-01T11:04:26.337Z
64.37,2026-09-01T11:04:34.786Z
5.41,2026-09-01T11:04:43.922Z
1.12,2026-09-01T11:05:09.730Z
6.36,2026-09-01T11:05:26.895Z
1.48,2026-09-01T11:05:37.247Z
2.28,2026-09-01T11:05:56.182Z
1.05,2026-09-01T11:06:21.424Z
8.64,2026-09-01T11:06:35.902Z
40.01,2026-09-01T11:06:49.227Z
1.31,2026-09-01T11:07:06.287Z
1.01,2026-09-01T11:07:30.284Z
1.96,2026-09-01T11:07:51.897Z
2.16,2026-09-01T11:08:00.444Z
1.86,2026-09-01T11:08:21.118Z
1.00,2026-09-01T11:08:40.763Z
12.15,2026-09-01T11:09:08.854Z
1.03,2026-09-01T11:09:19.656Z
1.61,2026-09-01T11:09:49.302Z
1.58,2026-09-01T11:10:10.627Z
12.91,2026-09-01T11:10:22.198Z
4.16,2026-09-01T11:10:36.204Z
10.31,2026-09-01T11:11:01.014Z
15.72,2026-09-01T11:11:27.756Z
1.15,2026-09-01T11:11:41.531Z
2.74,2026-09-01T11:12:02.813Z
1.00,2026-09-01T11:12:21.061Z
1.03,2026-09-01T11:12:49.420Z
1.12,2026-09-01T11:12:58.769Z
8.05,2026-09-01T11:13:23.376Z
342.39,2026-09-01T11:13:33.309Z
1.47,2026-09-01T11:13:58.388Z
2.58,2026-09-01T11:14:23.744Z
1.12,2026-09-01T11:14:48.403Z
1.15,2026-09-01T11:15:02.018Z
7.93,2026-09-01T11:15:13.432Z
2.34,2026-09-01T11:15:38.988Z
3.31,2026-09-01T11:16:02.565Z
6.43,2026-09-01T11:16:23.772Z
11.73,2026-09-01T11:16:36.140Z
2.65,2026-09-01T11:16:49.444Z
1.05,2026-09-01T11:17:14.782Z
1.11,2026-09-01T11:17:25.505Z
3.42,2026-09-01T11:17:49.809Z
1.00,2026-09-01T11:18:17.114Z
54.77,2026-09-01T11:18:40.384Z
1.00,2026-09-01T11:18:50.927Z
1.00,2026-09-01T11:19:14.466Z
1.11,2026-09-01T11:19:37.847Z
1.12,2026-09-01T11:19:53.447Z
1.93,2026-09-01T11:20:13.734Z
1.08,2026-09-01T11:20:22.651Z
1.00,2026-09-01T11:20:39.594Z
1.50,2026-09-01T11:20:50.047Z
3.16,2026-09-01T11:21:13.934Z
18.12,2026-09-01T11:21:30.629Z
2.42,2026-09-01T11:21:58.429Z
1.49,2026-09-01T11:22:21.400Z
1.17,2026-09-01T11:22:40.021Z
1.42,2026-09-01T11:23:08.946Z
16.54,2026-09-01T11:23:21.037Z
1.72,2026-09-01T11:23:46.146Z
1.24,2026-09-01T11:23:57.234Z
3.39,2026-09-01T11:24:07.556Z
2.84,2026-09-01T11:24:35.503Z
1.36,2026-09-01T11:25:02.059Z
1.00,2026-09-01T11:25:22.760Z
1.60,2026-09-01T11:25:41.510Z
4.20,2026-09-01T11:26:00.062Z
4.77,2026-09-01T11:26:10.039Z
3.06,2026-09-01T11:26:32.485Z
1.39,2026-09-01T11:26:44.089Z
1.01,2026-09-01T11:27:01.553Z
1.25,2026-09-01T11:27:29.989Z
8.85,2026-09-01T11:27:56.524Z
3.90,2026-09-01T11:28:23.596Z
2.21,2026-09-01T11:28:45.048Z
7.15,2026-09-01T11:29:11.718Z
1.59,2026-09-01T11:29:20.698Z
5.83,2026-09-01T11:29:42.352Z
1.04,2026-09-01T11:29:54.285Z
1.52,2026-09-01T11:30:15.552Z
1.76,2026-09-01T11:30:25.550Z
1.12,2026-09-01T11:30:41.587Z
8.74,2026-09-01T11:31:02.788Z
1.00,2026-09-01T11:31:25.246Z
1.00,2026-09-01T11:31:43.464Z
4.59,2026-09-01T11:32:07.774Z
1.02,2026-09-01T11:32:16.795Z
2.82,2026-09-01T11:32:36.650Z
5.62,2026-09-01T11:32:57.633Z
1.91,2026-09-01T11:33:07.369Z
2.11,2026-09-01T11:33:35.676Z
2.29,2026-09-01T11:33:50.619Z
5.89,2026-09-01T11:34:11.291Z
1.11,2026-09-01T11:34:35.053Z
4.20,2026-09-01T11:35:02.534Z
1.07,2026-09-01T11:35:26.431Z
1.68,2026-09-01T11:35:42.497Z
12.53,2026-09-01T11:35:51.001Z
2.62,2026-09-01T11:35:59.403Z
3.12,2026-09-01T11:36:22.967Z
1.34,2026-09-01T11:36:33.855Z
6.81,2026-09-01T11:36:46.323Z
32.19,2026-09-01T11:36:57.737Z
2.75,2026-09-01T11:37:08.273Z
2.17,2026-09-01T11:37:26.868Z
172.47,2026-09-01T11:37:56.584Z
5.15,2026-09-01T11:38:16.291Z
1.02,2026-09-01T11:38:35.925Z
1.37,2026-09-01T11:38:51.533Z
1.05,2026-09-01T11:39:16.641Z
1.64,2026-09-01T11:39:31.907Z
1.66,2026-09-01T11:39:45.231Z
3.69,2026-09-01T11:40:11.581Z
28.19,2026-09-01T11:40:31.006Z
1.28,2026-09-01T11:40:55.490Z
1.27,2026-09-01T11:41:17.175Z
1.01,2026-09-01T11:41:32.299Z
2.79,2026-09-01T11:41:58.626Z
1.83,2026-09-01T11:42:24.457Z
9.73,2026-09-01T11:42:37.235Z
3.43,2026-09-01T11:42:53.239Z
1.00,2026-09-01T11:43:06.015Z
1.25,2026-09-01T11:43:26.927Z
1.00,2026-09-01T11:43:54.902Z
1.34,2026-09-01T11:44:13.589Z
9.46,2026-09-01T11:44:38.202Z
1.00,2026-09-01T11:44:51.875Z
1.90,2026-09-01T11:45:08.917Z
5.63,2026-09-01T11:45:26.503Z
1.42,2026-09-01T11:45:36.964Z
17.84,2026-09-01T11:46:04.563Z
1.04,2026-09-01T11:46:32.756Z
7.96,2026-09-01T11:46:42.105Z
1.17,2026-09-01T11:46:51.957Z
1.01,2026-09-01T11:47:21.851Z
1.24,2026-09-01T11:47:40.064Z
2.96,2026-09-01T11:47:49.360Z
5.33,2026-09-01T11:48:09.134Z
1.07,2026-09-01T11:48:32.230Z
1.62,2026-09-01T11:48:50.951Z
3.53,2026-09-01T11:49:15.483Z
1.28,2026-09-01T11:49:38.522Z
10.46,2026-09-01T11:49:59.091Z
7.61,2026-09-01T11:50:25.726Z
1.30,2026-09-01T11:50:35.611Z
1.75,2026-09-01T11:50:57.169Z
1.99,2026-09-01T11:51:09.076Z
1.70,2026-09-01T11:51:33.815Z
6.92,2026-09-01T11:51:44.079Z
1.07,2026-09-01T11:52:02.642Z
2.69,2026-09-01T11:52:24.701Z
1.26,2026-09-01T11:52:49.734Z
20.73,2026-09-01T11:53:04.598Z
1.24,2026-09-01T11:53:16.393Z
2.57,2026-09-01T11:53:37.396Z
1.01,2026-09-01T11:53:54.458Z
21.31,2026-09-01T11:54:11.516Z
1.80,2026-09-01T11:54:39.008Z
16.07,2026-09-01T11:54:53.166Z
8.91,2026-09-01T11:55:05.133Z
2.45,2026-09-01T11:55:28.634Z
1.45,2026-09-01T11:55:58.279Z
2.69,2026-09-01T11:56:08.163Z
8.31,2026-09-01T11:56:28.055Z
1.04,2026-09-01T11:56:36.154Z
4.26,2026-09-01T11:56:56.133Z
10.88,2026-09-01T11:57:09.862Z
1.59,2026-09-01T11:57:21.216Z
1.81,2026-09-01T11:57:29.263Z
1.62,2026-09-01T11:57:53.087Z
1.45,2026-09-01T11:58:06.370Z
1.16,2026-09-01T11:58:21.693Z
4.41,2026-09-01T11:58:37.178Z
17.92,2026-09-01T11:59:01.117Z
4.38,2026-09-01T11:59:26.211Z
1.02,2026-09-01T11:59:52.998Z
1.15,2026-09-01T12:00:10.831Z
2.29,2026-09-01T12:00:24.795Z
1.18,2026-09-01T12:00:48.665Z
1.15,2026-09-01T12:01:15.609Z
3.46,2026-09-01T12:01:39.113Z
1.12,2026-09-01T12:01:59.465Z
2.02,2026-09-01T12:02:21.753Z
2.38,2026-09-01T12:02:48.658Z
4.89,2026-09-01T12:03:02.955Z
21.41,2026-09-01T12:03:15.243Z
1.16,2026-09-01T12:03:44.846Z
1.40,2026-09-01T12:03:58.939Z
5.56,2026-09-01T12:04:08.052Z
3.08,2026-09-01T12:04:28.076Z
2.61,2026-09-01T12:04:53.518Z
1.54,2026-09-01T12:05:07.146Z
3.08,2026-09-01T12:05:27.381Z
1.06,2026-09-01T12:05:36.893Z
5.84,2026-09-01T12:05:51.938Z
1.00,2026-09-01T12:06:18.136Z
2.49,2026-09-01T12:06:42.292Z
2.41,2026-09-01T12:07:09.364Z
3.16,2026-09-01T12:07:33.702Z
1.04,2026-09-01T12:07:56.724Z
1.61,2026-09-01T12:08:25.650Z
1.29,2026-09-01T12:08:40.577Z
1.31,2026-09-01T12:09:00.940Z
3.14,2026-09-01T12:09:16.751Z
1.72,2026-09-01T12:09:46.569Z
1.35,2026-09-01T12:10:09.112Z
8.30,2026-09-01T12:10:19.329Z
1.53,2026-09-01T12:10:36.335Z
1.61,2026-09-01T12:10:58.961Z
3.98,2026-09-01T12:11:25.128Z
2.80,2026-09-01T12:11:53.829Z
1.70,2026-09-01T12:12:10.765Z
3.04,2026-09-01T12:12:40.531Z
2.45,2026-09-01T12:13:06.038Z
1.00,2026-09-01T12:13:23.168Z
1.73,2026-09-01T12:13:40.659Z
5.80,2026-09-01T12:13:52.269Z
1.36,2026-09-01T12:14:03.904Z
16.04,2026-09-01T12:14:14.528Z
1.22,2026-09-01T12:14:31.765Z
1.92,2026-09-01T12:14:44.149Z
4.63,2026-09-01T12:15:05.940Z
1.19,2026-09-01T12:15:17.493Z
5.20,2026-09-01T12:15:37.065Z
1.24,2026-09-01T12:16:06.324Z
1.46,2026-09-01T12:16:31.096Z
1.54,2026-09-01T12:16:45.631Z
1.28,2026-09-01T12:16:59.806Z
10.51,2026-09-01T12:17:15.055Z
1.66,2026-09-01T12:17:37.535Z
1.29,2026-09-01T12:17:45.791Z
62.72,2026-09-01T12:17:55.789Z
1.01,2026-09-01T12:18:10.043Z
1.14,2026-09-01T12:18:35.759Z
2.09,2026-09-01T12:18:55.158Z
1.55,2026-09-01T12:19:09.771Z
1.58,2026-09-01T12:19:23.164Z
1.72,2026-09-01T12:19:42.598Z
1.92,2026-09-01T12:19:51.868Z
2.81,2026-09-01T12:20:13.152Z
3.40,2026-09-01T12:20:41.104Z
3.65,2026-09-01T12:21:09.320Z
1.53,2026-09-01T12:21:24.290Z
11.91,2026-09-01T12:21:42.937Z
1.34,2026-09-01T12:21:59.757Z
1.43,2026-09-01T12:22:17.786Z
13.75,2026-09-01T12:22:45.906Z
1.13,2026-09-01T12:23:02.696Z
1.18,2026-09-01T12:23:11.494Z
1.00,2026-09-01T12:23:37.792Z
2.36,2026-09-01T12:23:50.313Z
1.23,2026-09-01T12:24:08.382Z
1.81,2026-09-01T12:24:28.754Z
3.91,2026-09-01T12:24:53.636Z
1.13,2026-09-01T12:25:13.220Z
1.20,2026-09-01T12:25:29.522Z
7.74,2026-09-01T12:25:49.918Z
1.03,2026-09-01T12:26:18.237Z
1.67,2026-09-01T12:26:47.248Z
1.67,2026-09-01T12:26:59.219Z
2.06,2026-09-01T12:27:11.264Z
2.78,2026-09-01T12:27:28.956Z
1.45,2026-09-01T12:27:58.627Z
1.17,2026-09-01T12:28:20.118Z
6.34,2026-09-01T12:28:32.283Z
1.22,2026-09-01T12:28:54.561Z
3.43,2026-09-01T12:29:11.098Z
2.22,2026-09-01T12:29:37.141Z
1.37,2026-09-01T12:29:53.173Z
1.00,2026-09-01T12:30:09.797Z
3.31,2026-09-01T12:30:27.486Z
2.62,2026-09-01T12:30:56.482Z
47.67,2026-09-01T12:31:09.786Z
3.69,2026-09-01T12:31:26.820Z
1.31,2026-09-01T12:31:39.330Z
2.14,2026-09-01T12:32:07.913Z
12.91,2026-09-01T12:32:33.771Z
3.99,2026-09-01T12:32:59.635Z
3.31,2026-09-01T12:33:09.621Z
1.72,2026-09-01T12:33:29.028Z
1.69,2026-09-01T12:33:44.647Z
1.34,2026-09-01T12:34:00.116Z
3.27,2026-09-01T12:34:23.170Z
14.47,2026-09-01T12:34:33.658Z
1.20,2026-09-01T12:34:44.156Z
1.16,2026-09-01T12:34:57.430Z
1.24,2026-09-01T12:35:24.168Z
2.02,2026-09-01T12:35:42.545Z
5.97,2026-09-01T12:36:10.292Z
1.17,2026-09-01T12:36:29.468Z
20.26,2026-09-01T12:36:54.382Z
1.52,2026-09-01T12:37:13.023Z
3.12,2026-09-01T12:37:40.668Z
1.00,2026-09-01T12:37:58.987Z
4.11,2026-09-01T12:38:13.638Z
2.82,2026-09-01T12:38:28.206Z
1.30,2026-09-01T12:38:52.882Z
2.36,2026-09-01T12:39:12.911Z
1.78,2026-09-01T12:39:41.635Z
1.15,2026-09-01T12:39:59.952Z
1.57,2026-09-01T12:40:21.582Z
1.02,2026-09-01T12:40:32.427Z
1.17,2026-09-01T12:41:01.600Z
1.82,2026-09-01T12:41:23.395Z
1.76,2026-09-01T12:41:37.402Z
1.05,2026-09-01T12:42:04.585Z
2.50,2026-09-01T12:42:27.108Z
3.81,2026-09-01T12:42:41.375Z
1.19,2026-09-01T12:42:51.248Z
5.63,2026-09-01T12:43:19.509Z
1623.87,2026-09-01T12:43:38.287Z
2.93,2026-09-01T12:44:05.810Z
2.02,2026-09-01T12:44:35.739Z
1.13,2026-09-01T12:44:47.852Z
1.96,2026-09-01T12:45:17.274Z
1.40,2026-09-01T12:45:45.078Z
8.34,2026-09-01T12:45:57.774Z
1.73,2026-09-01T12:46:26.660Z
15.21,2026-09-01T12:46:42.729Z
49.67,2026-09-01T12:47:11.092Z
5.23,2026-09-01T12:47:19.610Z
2.04,2026-09-01T12:47:38.785Z
2.06,2026-09-01T12:47:48.452Z
1.77,2026-09-01T12:48:02.793Z
2.20,2026-09-01T12:48:20.351Z
1.11,2026-09-01T12:48:47.224Z
1.00,2026-09-01T12:49:09.633Z
14.17,2026-09-01T12:49:21.663Z
1.47,2026-09-01T12:49:36.716Z
2.43,2026-09-01T12:50:01.469Z
1.52,2026-09-01T12:50:15.224Z
1.25,2026-09-01T12:50:29.095Z
9.91,2026-09-01T12:50:58.528Z
1.50,2026-09-01T12:51:19.544Z
19.84,2026-09-01T12:51:43.054Z
1.15,2026-09-01T12:51:55.320Z
7.90,2026-09-01T12:52:09.642Z
1.12,2026-09-01T12:52:39.069Z
7.28,2026-09-01T12:52:54.747Z
1.66,2026-09-01T12:53:05.878Z
5.01,2026-09-01T12:53:33.905Z
1.19,2026-09-01T12:53:54.106Z
1.22,2026-09-01T12:54:03.420Z
1.35,2026-09-01T12:54:21.126Z
1.42,2026-09-01T12:54:41.666Z
1.02,2026-09-01T12:55:11.280Z
14.88,2026-09-01T12:55:24.054Z
2.56,2026-09-01T12:55:47.300Z
1.12,2026-09-01T12:55:55.423Z
1.72,2026-09-01T12:56:07.904Z
2.14,2026-09-01T12:56:29.932Z
1.15,2026-09-01T12:56:38.607Z
1.37,2026-09-01T12:57:00.918Z
17.54,2026-09-01T12:57:12.798Z
1.27,2026-09-01T12:57:27.557Z
12.67,2026-09-01T12:57:38.124Z
2.07,2026-09-01T12:57:53.574Z
5.68,2026-09-01T12:58:19.378Z
1.92,2026-09-01T12:58:43.332Z
1.63,2026-09-01T12:58:58.988Z
1.66,2026-09-01T12:59:16.802Z
1.78,2026-09-01T12:59:33.518Z
1.10,2026-09-01T12:59:56.570Z
2.06,2026-09-01T13:00:16.434Z
14.07,2026-09-01T13:00:35.537Z
1.08,2026-09-01T13:01:05.303Z
2.20,2026-09-01T13:01:32.919Z
1.33,2026-09-01T13:01:58.050Z
2.02,2026-09-01T13:02:15.613Z
1.03,2026-09-01T13:02:42.061Z
1.02,2026-09-01T13:03:06.654Z
2.79,2026-09-01T13:03:29.332Z
1.31,2026-09-01T13:03:41.854Z
1.69,2026-09-01T13:04:06.038Z
2.23,2026-09-01T13:04:16.808Z
1.41,2026-09-01T13:04:29.347Z
1.49,2026-09-01T13:04:56.197Z
1.18,2026-09-01T13:05:13.684Z
2.26,2026-09-01T13:05:26.875Z
7.87,2026-09-01T13:05:40.096Z
1.64,2026-09-01T13:05:58.138Z
1.30,2026-09-01T13:06:17.925Z
1.07,2026-09-01T13:06:46.509Z
7.68,2026-09-01T13:07:11.903Z
1.11,2026-09-01T13:07:38.854Z
2.83,2026-09-01T13:07:53.668Z
1.17,2026-09-01T13:08:22.159Z
1.66,2026-09-01T13:08:50.390Z
2.78,2026-09-01T13:09:15.038Z
1.00,2026-09-01T13:09:39.168Z
3.09,2026-09-01T13:09:50.844Z
1.54,2026-09-01T13:10:10.661Z
1.45,2026-09-01T13:10:33.768Z
1.12,2026-09-01T13:10:46.558Z
2.10,2026-09-01T13:11:05.257Z
1.28,2026-09-01T13:11:33.234Z
1.70,2026-09-01T13:11:53.317Z
18.84,2026-09-01T13:12:07.468Z
2.59,2026-09-01T13:12:24.488Z
1.24,2026-09-01T13:12:41.571Z
4.49,2026-09-01T13:12:53.668Z
1.22,2026-09-01T13:13:06.424Z
1.02,2026-09-01T13:13:24.908Z
1.66,2026-09-01T13:13:43.000Z
3.51,2026-09-01T13:14:09.102Z
3.46,2026-09-01T13:14:38.254Z
6.04,2026-09-01T13:14:51.572Z
1.34,2026-09-01T13:15:03.275Z
1.14,2026-09-01T13:15:26.026Z
1.08,2026-09-01T13:15:54.224Z
1.93,2026-09-01T13:16:09.072Z
2.32,2026-09-01T13:16:26.348Z
2.25,2026-09-01T13:16:52.470Z
6.49,2026-09-01T13:17:15.895Z
2.62,2026-09-01T13:17:39.726Z
1.43,2026-09-01T13:17:58.762Z
1.90,2026-09-01T13:18:08.572Z
1.30,2026-09-01T13:18:17.620Z
1.36,2026-09-01T13:18:36.773Z
2.56,2026-09-01T13:18:52.339Z
1.03,2026-09-01T13:19:16.672Z
1.34,2026-09-01T13:19:33.982Z
1.11,2026-09-01T13:19:43.357Z
4.54,2026-09-01T13:20:13.121Z
1.02,2026-09-01T13:20:40.809Z
4.99,2026-09-01T13:20:49.463Z
6.63,2026-09-01T13:20:58.730Z
3.50,2026-09-01T13:21:26.326Z
2.65,2026-09-01T13:21:40.182Z
1.33,2026-09-01T13:21:51.940Z
11.04,2026-09-01T13:22:01.397Z
1.41,2026-09-01T13:22:26.571Z
23.21,2026-09-01T13:22:50.647Z
7.83,2026-09-01T13:23:06.693Z
1.22,2026-09-01T13:23:16.080Z
8.41,2026-09-01T13:23:39.058Z
2.59,2026-09-01T13:23:55.405Z
3.23,2026-09-01T13:24:17.638Z
1.23,2026-09-01T13:24:27.928Z
3.44,2026-09-01T13:24:37.270Z
13.02,2026-09-01T13:24:48.289Z
2.00,2026-09-01T13:25:08.486Z
4.70,2026-09-01T13:25:25.052Z
14.11,2026-09-01T13:25:37.709Z
8.91,2026-09-01T13:25:55.153Z
1.24,2026-09-01T13:26:22.091Z
1.49,2026-09-01T13:26:33.046Z
1.75,2026-09-01T13:26:58.387Z
3.62,2026-09-01T13:27:18.782Z
1.52,2026-09-01T13:27:39.302Z
4.29,2026-09-01T13:27:59.879Z
1.73,2026-09-01T13:28:08.411Z
10.08,2026-09-01T13:28:35.424Z
2.35,2026-09-01T13:28:59.983Z
4.97,2026-09-01T13:29:14.383Z
1.10,2026-09-01T13:29:44.056Z
1.21,2026-09-01T13:30:07.128Z
2.17,2026-09-01T13:30:20.881Z
18.79,2026-09-01T13:30:47.972Z
1.56,2026-09-01T13:31:13.060Z
1.12,2026-09-01T13:31:39.734Z
3.38,2026-09-01T13:32:04.119Z
2.66,2026-09-01T13:32:24.179Z
1.82,2026-09-01T13:32:45.903Z
6.10,2026-09-01T13:33:14.551Z
8.18,2026-09-01T13:33:29.080Z
1.23,2026-09-01T13:33:50.697Z
7.33,2026-09-01T13:34:03.578Z
2.88,2026-09-01T13:34:26.307Z
1.50,2026-09-01T13:34:42.419Z
5.22,2026-09-01T13:35:05.183Z
1.22,2026-09-01T13:35:16.112Z
2.11,2026-09-01T13:35:41.785Z
1.62,2026-09-01T13:36:01.192Z
1.78,2026-09-01T13:36:25.409Z
2.42,2026-09-01T13:36:37.422Z
1.00,2026-09-01T13:36:58.203Z
16.77,2026-09-01T13:37:24.522Z
2.69,2026-09-01T13:37:39.503Z
4.69,2026-09-01T13:37:58.233Z
1.27,2026-09-01T13:38:25.039Z
4.24,2026-09-01T13:38:33.762Z
1.54,2026-09-01T13:38:44.011Z
1.80,2026-09-01T13:39:02.078Z
1.51,2026-09-01T13:39:18.212Z
1.40,2026-09-01T13:39:29.441Z
1.17,2026-09-01T13:39:44.053Z
2.31,2026-09-01T13:39:54.085Z
1.32,2026-09-01T13:40:16.726Z
1.32,2026-09-01T13:40:43.486Z
1.25,2026-09-01T13:41:11.187Z
2.16,2026-09-01T13:41:25.623Z
3.50,2026-09-01T13:41:49.924Z
1.00,2026-09-01T13:42:18.191Z
25.63,2026-09-01T13:42:34.911Z
1.46,2026-09-01T13:42:58.479Z
1.73,2026-09-01T13:43:28.096Z
4.09,2026-09-01T13:43:41.977Z
3.25,2026-09-01T13:43:57.116Z
3.54,2026-09-01T13:44:20.988Z
1.42,2026-09-01T13:44:32.462Z
1.15,2026-09-01T13:44:52.175Z
1.29,2026-09-01T13:45:15.662Z
1.59,2026-09-01T13:45:28.817Z
1.44,2026-09-01T13:45:42.092Z
1.74,2026-09-01T13:45:53.368Z
1.08,2026-09-01T13:46:22.780Z
2.32,2026-09-01T13:46:30.978Z
82.08,2026-09-01T13:46:50.397Z
1.53,2026-09-01T13:47:13.538Z
1.11,2026-09-01T13:47:41.513Z
2.66,2026-09-01T13:48:06.500Z
1.47,2026-09-01T13:48:18.084Z
1.65,2026-09-01T13:48:47.833Z
1.50,2026-09-01T13:49:00.489Z
2.32,2026-09-01T13:49:30.453Z
1.79,2026-09-01T13:49:53.136Z
2.04,2026-09-01T13:50:08.204Z
1.62,2026-09-01T13:50:19.272Z
17.86,2026-09-01T13:50:34.689Z
1.20,2026-09-01T13:50:56.091Z
1.82,2026-09-01T13:51:13.381Z
1.42,2026-09-01T13:51:43.118Z
2.81,2026-09-01T13:52:07.272Z
2.46,2026-09-01T13:52:33.313Z
2.53,2026-09-01T13:52:47.959Z
1.02,2026-09-01T13:53:16.191Z
1.27,2026-09-01T13:53:29.713Z
3.88,2026-09-01T13:53:48.019Z
1.29,2026-09-01T13:54:09.995Z
2.20,2026-09-01T13:54:37.733Z
1.00,2026-09-01T13:54:52.218Z
3.67,2026-09-01T13:55:19.181Z
1.85,2026-09-01T13:55:34.768Z
1.24,2026-09-01T13:55:52.661Z
6.10,2026-09-01T13:56:08.166Z
4.74,2026-09-01T13:56:24.501Z
3.79,2026-09-01T13:56:42.728Z
4.82,2026-09-01T13:57:03.741Z
2.62,2026-09-01T13:57:14.509Z
1.29,2026-09-01T13:57:41.303Z
3.00,2026-09-01T13:57:53.927Z
1.00,2026-09-01T13:58:02.082Z
1.44,2026-09-01T13:58:16.148Z
2.22,2026-09-01T13:58:31.244Z
2.02,2026-09-01T13:58:55.397Z
4.00,2026-09-01T13:59:24.545Z
2.34,2026-09-01T13:59:50.174Z
80.19,2026-09-01T14:00:05.970Z
1.12,2026-09-01T14:00:25.858Z
1.05,2026-09-01T14:00:40.564Z
4.99,2026-09-01T14:01:02.513Z
1.84,2026-09-01T14:01:21.283Z
3.46,2026-09-01T14:01:31.700Z
13.44,2026-09-01T14:01:44.923Z
4.77,2026-09-01T14:02:09.139Z
1.05,2026-09-01T14:02:35.964Z
1.05,2026-09-01T14:02:45.361Z
1.86,2026-09-01T14:03:09.173Z
1.05,2026-09-01T14:03:33.682Z
24.11,2026-09-01T14:03:50.659Z
6.06,2026-09-01T14:04:05.349Z
1.52,2026-09-01T14:04:30.537Z
1.19,2026-09-01T14:04:54.869Z
1.32,2026-09-01T14:05:05.292Z
1.25,2026-09-01T14:05:33.038Z
13.32,2026-09-01T14:05:51.461Z
1.39,2026-09-01T14:06:18.398Z
1.08,2026-09-01T14:06:33.429Z
1.20,2026-09-01T14:06:55.538Z
1.16,2026-09-01T14:07:06.577Z
27.78,2026-09-01T14:07:15.056Z
1.54,2026-09-01T14:07:25.630Z
2.18,2026-09-01T14:07:42.864Z
4.65,2026-09-01T14:07:55.168Z
1.02,2026-09-01T14:08:25.163Z
1.13,2026-09-01T14:08:46.125Z
1.93,2026-09-01T14:09:10.659Z
1.06,2026-09-01T14:09:18.717Z
8.99,2026-09-01T14:09:39.634Z
1.19,2026-09-01T14:10:07.747Z
9.83,2026-09-01T14:10:19.759Z
2.82,2026-09-01T14:10:48.756Z
1.07,2026-09-01T14:11:16.473Z
2.03,2026-09-01T14:11:29.572Z
1.00,2026-09-01T14:11:54.477Z
1.03,2026-09-01T14:12:15.098Z
1.36,2026-09-01T14:12:37.318Z
1.71,2026-09-01T14:12:47.960Z
1.41,2026-09-01T14:13:13.909Z
4.18,2026-09-01T14:13:35.500Z
1.84,2026-09-01T14:13:51.994Z
1.12,2026-09-01T14:14:02.986Z
1.02,2026-09-01T14:14:13.004Z
10.33,2026-09-01T14:14:32.160Z
4.23,2026-09-01T14:14:56.607Z
1.12,2026-09-01T14:15:10.312Z
1.83,2026-09-01T14:15:40.281Z
1.13,2026-09-01T14:16:08.477Z
1.05,2026-09-01T14:16:27.772Z
23.34,2026-09-01T14:16:53.262Z
12.02,2026-09-01T14:17:07.625Z
1.22,2026-09-01T14:17:25.329Z
1.80,2026-09-01T14:17:38.480Z
3.63,2026-09-01T14:17:51.451Z
1.56,2026-09-01T14:18:13.313Z
13.07,2026-09-01T14:18:29.821Z
1.24,2026-09-01T14:18:50.747Z
3.35,2026-09-01T14:19:04.487Z
4.53,2026-09-01T14:19:26.259Z
1.10,2026-09-01T14:19:55.864Z
3.70,2026-09-01T14:20:06.666Z
2.03,2026-09-01T14:20:15.322Z
2.75,2026-09-01T14:20:37.415Z
2.88,2026-09-01T14:21:06.394Z
2.72,2026-09-01T14:21:19.990Z
8.51,2026-09-01T14:21:32.956Z
1.75,2026-09-01T14:22:02.584Z
11.37,2026-09-01T14:22:27.173Z
6.65,2026-09-01T14:22:50.906Z
1.36,2026-09-01T14:23:20.425Z
3.10,2026-09-01T14:23:42.612Z
1.60,2026-09-01T14:23:58.672Z
1.89,2026-09-01T14:24:27.043Z
2.59,2026-09-01T14:24:45.120Z
1.50,2026-09-01T14:25:01.081Z
3.65,2026-09-01T14:25:12.282Z
12.17,2026-09-01T14:25:35.797Z
1.45,2026-09-01T14:25:54.141Z
8.33,2026-09-01T14:26:06.005Z
1.69,2026-09-01T14:26:29.409Z
1.76,2026-09-01T14:26:46.182Z
4.83,2026-09-01T14:27:03.556Z
1.59,2026-09-01T14:27:14.371Z
1.28,2026-09-01T14:27:30.720Z
1.40,2026-09-01T14:27:55.897Z
1.94,2026-09-01T14:28:13.960Z
1.75,2026-09-01T14:28:41.955Z
2.05,2026-09-01T14:29:04.309Z
1.00,2026-09-01T14:29:17.539Z
7.46,2026-09-01T14:29:28.331Z
5.74,2026-09-01T14:29:44.984Z
1.60,2026-09-01T14:30:13.583Z
12.22,2026-09-01T14:30:30.629Z
1.84,2026-09-01T14:30:58.106Z
5.30,2026-09-01T14:31:12.481Z
2.49,2026-09-01T14:31:29.799Z
2.76,2026-09-01T14:31:41.448Z
2.86,2026-09-01T14:32:00.526Z
2.13,2026-09-01T14:32:17.538Z
8.11,2026-09-01T14:32:43.570Z
3.18,2026-09-01T14:32:53.093Z
2.28,2026-09-01T14:33:22.996Z
4.00,2026-09-01T14:33:32.329Z
4.16,2026-09-01T14:33:47.831Z
3.07,2026-09-01T14:34:04.414Z
1.31,2026-09-01T14:34:22.522Z
1.30,2026-09-01T14:34:38.386Z
1.15,2026-09-01T14:34:51.911Z
1.00,2026-09-01T14:35:17.375Z
1.25,2026-09-01T14:35:46.655Z
758.50,2026-09-01T14:35:56.741Z
1.28,2026-09-01T14:36:22.530Z
1.85,2026-09-01T14:36:46.702Z
44.25,2026-09-01T14:37:07.895Z
1.53,2026-09-01T14:37:25.630Z
2.60,2026-09-01T14:37:34.948Z
2.48,2026-09-01T14:37:48.733Z
1.15,2026-09-01T14:38:06.621Z
1.00,2026-09-01T14:38:26.995Z
1.02,2026-09-01T14:38:50.584Z
1.12,2026-09-01T14:39:01.601Z
2.21,2026-09-01T14:39:27.926Z
2.09,2026-09-01T14:39:45.682Z
1.00,2026-09-01T14:39:54.586Z
6.15,2026-09-01T14:40:19.543Z
7.14,2026-09-01T14:40:37.000Z
2.11,2026-09-01T14:40:48.157Z
1.00,2026-09-01T14:41:02.756Z
1.16,2026-09-01T14:41:21.081Z
1.19,2026-09-01T14:41:45.638Z
2.47,2026-09-01T14:42:07.428Z
6.23,2026-09-01T14:42:18.392Z
1.47,2026-09-01T14:42:45.910Z
12.39,2026-09-01T14:43:04.164Z
1.15,2026-09-01T14:43:23.244Z
1.01,2026-09-01T14:43:38.101Z
8.72,2026-09-01T14:43:59.516Z
4.56,2026-09-01T14:44:25.429Z
4.67,2026-09-01T14:44:35.019Z
1.84,2026-09-01T14:44:43.197Z
2.10,2026-09-01T14:45:12.077Z
1.33,2026-09-01T14:45:40.097Z
12.17,2026-09-01T14:46:01.539Z
6.73,2026-09-01T14:46:29.170Z
1.48,2026-09-01T14:46:52.458Z
3.41,2026-09-01T14:47:17.514Z
3.26,2026-09-01T14:47:41.534Z
3.48,2026-09-01T14:47:52.555Z
2.54,2026-09-01T14:48:04.118Z
6.74,2026-09-01T14:48:22.964Z
9.36,2026-09-01T14:48:43.583Z
1.31,2026-09-01T14:48:52.570Z
1.06,2026-09-01T14:49:21.905Z
1.47,2026-09-01T14:49:43.542Z
1.42,2026-09-01T14:49:59.536Z
1.09,2026-09-01T14:50:18.442Z
2.25,2026-09-01T14:50:41.702Z
1.03,2026-09-01T14:50:50.151Z
14.48,2026-09-01T14:50:58.328Z
1.13,2026-09-01T14:51:27.279Z
2.11,2026-09-01T14:51:47.096Z
1.67,2026-09-01T14:51:55.588Z
29.88,2026-09-01T14:52:15.137Z
2.77,2026-09-01T14:52:39.579Z
6.50,2026-09-01T14:53:00.336Z
1.68,2026-09-01T14:53:23.647Z
1.33,2026-09-01T14:53:37.756Z
1.08,2026-09-01T14:54:05.755Z
1.46,2026-09-01T14:54:22.614Z
1.81,2026-09-01T14:54:51.715Z
1.23,2026-09-01T14:55:00.260Z
1.05,2026-09-01T14:55:22.506Z
3.38,2026-09-01T14:55:34.583Z
3.19,2026-09-01T14:56:04.068Z
16.45,2026-09-01T14:56:18.205Z
53.03,2026-09-01T14:56:47.111Z
1.00,2026-09-01T14:56:57.333Z
3.45,2026-09-01T14:57:06.051Z
2.25,2026-09-01T14:57:14.636Z
2.19,2026-09-01T14:57:29.838Z
1.67,2026-09-01T14:57:46.873Z
1.59,2026-09-01T14:58:13.278Z
29.90,2026-09-01T14:58:32.638Z
7.41,2026-09-01T14:59:01.283Z
1.98,2026-09-01T14:59:26.534Z
1.08,2026-09-01T14:59:43.625Z
2.09,2026-09-01T14:59:57.888Z
1.64,2026-09-01T15:00:24.384Z
1.00,2026-09-01T15:00:51.531Z
1.14,2026-09-01T15:01:19.236Z
1.44,2026-09-01T15:01:29.451Z
1.00,2026-09-01T15:01:40.758Z
124.52,2026-09-01T15:01:52.512Z
3.54,2026-09-01T15:02:21.377Z
74.26,2026-09-01T15:02:31.427Z
1.08,2026-09-01T15:02:51.457Z
2.35,2026-09-01T15:03:07.221Z
1.06,2026-09-01T15:03:21.781Z
1.52,2026-09-01T15:03:40.081Z
1.08,2026-09-01T15:03:52.166Z
1.63,2026-09-01T15:04:20.855Z
1.14,2026-09-01T15:04:49.154Z
2.04,2026-09-01T15:05:03.309Z
126.58,2026-09-01T15:05:22.603Z
14.05,2026-09-01T15:05:45.537Z
23.53,2026-09-01T15:06:06.072Z
10000.00,2026-09-01T15:06:21.386Z
2.32,2026-09-01T15:06:36.816Z
4.37,2026-09-01T15:06:57.053Z
3.38,2026-09-01T15:07:10.648Z
1.64,2026-09-01T15:07:18.914Z
14.81,2026-09-01T15:07:41.674Z
3.75,2026-09-01T15:08:01.093Z
2.06,2026-09-01T15:08:18.656Z
4.83,2026-09-01T15:08:42.223Z
1.18,2026-09-01T15:09:00.101Z
1.11,2026-09-01T15:09:12.596Z
1.05,2026-09-01T15:09:25.029Z
1.96,2026-09-01T15:09:41.512Z
1.06,2026-09-01T15:09:51.495Z
1.37,2026-09-01T15:09:59.644Z
1.86,2026-09-01T15:10:08.178Z
1.06,2026-09-01T15:10:31.606Z
1.44,2026-09-01T15:11:00.371Z
6.54,2026-09-01T15:11:24.368Z
1.47,2026-09-01T15:11:49.335Z
1.02,2026-09-01T15:12:11.534Z
3.12,2026-09-01T15:12:22.347Z
3.15,2026-09-01T15:12:47.669Z
4.61,2026-09-01T15:13:16.826Z
1.20,2026-09-01T15:13:36.591Z
19.50,2026-09-01T15:13:59.570Z
5.55,2026-09-01T15:14:28.260Z
2.27,2026-09-01T15:14:53.917Z
2.85,2026-09-01T15:15:18.589Z
1.09,2026-09-01T15:15:42.269Z
1.29,2026-09-01T15:16:05.762Z
2.02,2026-09-01T15:16:20.071Z
1.08,2026-09-01T15:16:47.837Z
30.87,2026-09-01T15:17:11.899Z
1.49,2026-09-01T15:17:24.566Z
2.41,2026-09-01T15:17:45.876Z
1.39,2026-09-01T15:17:57.895Z
6.13,2026-09-01T15:18:26.753Z
1.09,2026-09-01T15:18:48.406Z
1.14,2026-09-01T15:19:08.915Z
2.55,2026-09-01T15:19:28.459Z
1.94,2026-09-01T15:19:54.594Z
2.08,2026-09-01T15:20:21.558Z
4.92,2026-09-01T15:20:42.071Z
2.08,2026-09-01T15:21:06.114Z
1.10,2026-09-01T15:21:19.621Z
1.34,2026-09-01T15:21:44.933Z
1.95,2026-09-01T15:22:14.877Z
1.00,2026-09-01T15:22:35.584Z
1.33,2026-09-01T15:22:46.122Z
1.45,2026-09-01T15:23:14.768Z
1.13,2026-09-01T15:23:35.019Z
3.18,2026-09-01T15:23:55.336Z
2.21,2026-09-01T15:24:06.751Z
2.84,2026-09-01T15:24:33.894Z
1.18,2026-09-01T15:24:59.231Z
1.00,2026-09-01T15:25:28.505Z
2.01,2026-09-01T15:25:41.281Z
1.45,2026-09-01T15:26:09.845Z
1.49,2026-09-01T15:26:33.538Z
13.94,2026-09-01T15:26:55.056Z
2.04,2026-09-01T15:27:22.428Z
1.00,2026-09-01T15:27:42.722Z
3.46,2026-09-01T15:28:07.837Z
1.04,2026-09-01T15:28:23.554Z
2.13,2026-09-01T15:28:43.034Z
1.14,2026-09-01T15:28:51.838Z
1.76,2026-09-01T15:29:12.667Z
1.77,2026-09-01T15:29:30.434Z
3.06,2026-09-01T15:29:50.828Z
2.10,2026-09-01T15:30:05.870Z
4.81,2026-09-01T15:30:30.024Z
1.51,2026-09-01T15:30:49.365Z
1.31,2026-09-01T15:31:08.945Z
19.99,2026-09-01T15:31:23.310Z
1.16,2026-09-01T15:31:35.862Z
2.07,2026-09-01T15:32:01.569Z
2.26,2026-09-01T15:32:22.042Z
2.43,2026-09-01T15:32:39.325Z
13.40,2026-09-01T15:32:53.950Z
1.21,2026-09-01T15:33:09.041Z
1.41,2026-09-01T15:33:37.979Z
2.07,2026-09-01T15:33:51.567Z
1.00,2026-09-01T15:34:00.465Z
1.31,2026-09-01T15:34:08.647Z
2.41,2026-09-01T15:34:38.261Z
1.89,2026-09-01T15:34:59.261Z
1.45,2026-09-01T15:35:25.411Z
1.94,2026-09-01T15:35:33.553Z
2.11,2026-09-01T15:35:58.921Z
4.63,2026-09-01T15:36:18.253Z
6.33,2026-09-01T15:36:45.115Z
1.57,2026-09-01T15:37:06.486Z
1.07,2026-09-01T15:37:21.722Z
4.88,2026-09-01T15:37:34.790Z
1.34,2026-09-01T15:37:54.459Z
5.08,2026-09-01T15:38:19.712Z
2.10,2026-09-01T15:38:44.785Z
1.15,2026-09-01T15:39:06.692Z
1.31,2026-09-01T15:39:19.771Z
1.00,2026-09-01T15:39:34.622Z
2.30,2026-09-01T15:39:45.358Z
1.09,2026-09-01T15:40:11.913Z
1.51,2026-09-01T15:40:28.439Z
2.86,2026-09-01T15:40:52.227Z
2.00,2026-09-01T15:41:22.066Z
3.17,2026-09-01T15:41:31.016Z
1.77,2026-09-01T15:42:00.066Z
3.26,2026-09-01T15:42:18.813Z
2.95,2026-09-01T15:42:33.956Z
2.71,2026-09-01T15:42:55.455Z
1.23,2026-09-01T15:43:22.381Z
5.82,2026-09-01T15:43:37.487Z
1.44,2026-09-01T15:44:02.033Z
4.37,2026-09-01T15:44:26.409Z
3.06,2026-09-01T15:44:43.131Z
1.43,2026-09-01T15:44:53.675Z
1.11,2026-09-01T15:45:20.985Z
1.23,2026-09-01T15:45:31.577Z
1.25,2026-09-01T15:45:42.990Z
5.16,2026-09-01T15:46:09.837Z
1.51,2026-09-01T15:46:18.833Z
1.53,2026-09-01T15:46:36.171Z
2.05,2026-09-01T15:46:50.352Z
1.00,2026-09-01T15:47:12.714Z
2.57,2026-09-01T15:47:38.422Z
1.37,2026-09-01T15:48:02.677Z
2.31,2026-09-01T15:48:14.145Z
1.94,2026-09-01T15:48:33.793Z
6.05,2026-09-01T15:48:54.557Z
1.40,2026-09-01T15:49:15.069Z
1.06,2026-09-01T15:49:33.618Z
2.07,2026-09-01T15:49:55.681Z
1.01,2026-09-01T15:50:09.730Z
1.14,2026-09-01T15:50:17.824Z
2.74,2026-09-01T15:50:27.263Z
3.47,2026-09-01T15:50:46.505Z
1.11,2026-09-01T15:51:14.947Z
1.45,2026-09-01T15:51:35.591Z
